Id,Id_dummy,ID_échan,Event,Station_old,Station,Watermass,Date,Year,Month,Day,Lat_N,Lon_E,Filtre,Pressure_bar,Depth,Temp_K,Salinity_PSU,Density,DOX1,DOX2,Fluorescence,Conductivity,BP_ugC_perL_perD,BP3.1_uMC_perD,BP1.55_uMC_perD,BR_ugO2_perL_perD,BR_uMC_perD,BGE_percent,RT_ugO2_perL_perD,TR_uMC_perD,PP_uMO2_perD,Shannon_index,BD,Chla_ug_perL,NO3_uM,NO2_uM,PO4_uM,SiO2_uM,NH4_uM,TDN_uMN,DOC_uMC,Bacteria_permL,%HNA,LNA_permL,HNA_permL,Picocyano_permL,Nanocyano_permL,Picoeuka_permL,Nanoeuka_permL,%Pico,%Picocyano,Cells_permL,BA-DAPI_permL,Peak_M_RU,Peak_T_RU,Peak_B_RU,Peak_phyto_RU,Peak_AC_RU,Peak_M2_RU,THAA_[nM],Percent.DAA_[%],TOC.AA_[%C],TON.AA_[%N],C.AA.yields_[nMAA/µMTOC],N.AA.yields_[nMAA/µMTON],DI,DON_uMN,DOC:DON_uMC_peruMN,DON:TDN,Sr,Slope_275_295,Slope_350_400,Absorbance_254,Absorbance_275,Absorbance_295,Absorbance_350,Absorbance_400,Absorbance_500,
400064,400064,,NA,NFLShelf,,NFLShelf,2014-05-05,2014,5,5,50.8872,308.7493,0,2.303,2,272.4459,33.0599,26.5703,8.5145,8.66692,0.1634,2.699976,1.335,0.111,0.056,,,,,,,,x,4.16,5.33,0.09,0.6895,5.61,0.32,12.14,115.73,7.26E+05,81.90337284,131296.2963,594232.8042,40.8496732,0,3243.464052,416.6666667,88.74172185,1.103752759,3700.980392,x,#N/A,#N/A,#N/A,#N/A,#N/A,#N/A,334.4463425,10.91888957,1.137178799,6.794607319,2.889881069,52.2584303,1.266375993,6.39985435,18.08324601,52.72990584,,,,,,,,,,
400063,400063,,NA,NFLShelf,,NFLShelf,2014-05-05,2014,5,5,50.8872,308.7493,0,10.348,10,272.2959,33.0586,26.5748,8.55408,8.69536,0.2972,2.688063,2.733,0.228,0.114,,,,,,,,,4.5,5.25,0.1,0.7125,5.635,NA,NA,NA,7.18E+05,72.90828409,194567.3712,523612.9458,64.51612903,0,3494.623656,569.8924731,86.19791667,1.5625,4129.032258,x,#N/A,#N/A,#N/A,#N/A,#N/A,#N/A,NA,NA,NA,NA,NA,NA,NA,,,,,,,,,,,,,
400059,400059,,NA,NFLShelf,,NFLShelf,2014-05-05,2014,5,5,50.8872,308.7493,0,31.089,30,272.2707,33.0637,26.58,8.35156,8.5278,0.2587,2.68733,5.236,0.436,0.218,,,,,,,,x,4.41,5.79,0.08,0.716,5.765,NA,NA,NA,7.53E+05,75.51085934,184294.0973,568260.2692,42.12299916,16.84919966,3765.796125,556.0235889,86.92307692,0.961538462,4380.791912,x,#N/A,#N/A,#N/A,#N/A,#N/A,#N/A,NA,NA,NA,NA,NA,NA,NA,,,,,,,,,,,,,
400057,400057,,NA,NFLShelf,,NFLShelf,2014-05-05,2014,5,5,50.8872,308.7493,0,40.858,40,272.2541,33.0816,26.595,8.19499,8.35061,0.1379,2.687749,4.004,0.333,0.167,,,,,,,,,1.89,7.16,0.06,0.7845,6.785,NA,NA,NA,7.13E+05,76.17253373,169981.203,543402.2556,26.1951539,6.548788474,3503.601834,471.5127701,88.07189542,0.653594771,4007.858546,x,#N/A,#N/A,#N/A,#N/A,#N/A,#N/A,NA,NA,NA,NA,NA,NA,NA,,,,,,,,,,,,,
400055,400055,,NA,NFLShelf,,NFLShelf,2014-05-05,2014,5,5,50.8872,308.7493,0,58.753,60,272.2109,33.0864,26.6005,8.13536,8.25905,0.0853,2.685401,2.919,0.243,0.122,,,,,,,,,1.75,7.73,0.03,0.809,7.525,NA,NA,NA,5.83E+05,74.66584729,147627.5739,435094.0018,28.20078962,5.640157924,4388.042865,366.6102651,92.22614841,0.588928151,4788.494078,x,#N/A,#N/A,#N/A,#N/A,#N/A,#N/A,NA,NA,NA,NA,NA,NA,NA,,,,,,,,,,,,,
400054,400054,,NA,NFLShelf,,NFLShelf,2014-05-05,2014,5,5,50.8872,308.7493,0,79.472,80,272.1888,33.1248,26.6323,8.0472,8.22397,0.0755,2.687362,1.697,0.141,0.071,,,,,,,,,2.12,8.09,0.05,0.822,7.475,NA,NA,NA,5.34E+05,74.18826918,137867.1329,396258.7413,42.57130694,8.514261388,3788.846318,349.0847169,91.46341463,1.016260163,4189.016603,x,#N/A,#N/A,#N/A,#N/A,#N/A,#N/A,NA,NA,NA,NA,NA,NA,NA,,,,,,,,,,,,,
400064,400064f,,NA,NFLShelf,,NFLShelf,2014-05-05,2014,5,5,50.8872,308.7493,1,2.303,2,272.4459,33.0599,26.5703,8.5145,8.66692,0.1634,2.699976,0.147,0.012,0.006,,,,,,,,,4.16,5.33,0.09,0.6895,5.61,NA,12.14,115.73,,,,,,,,,,,,,#N/A,#N/A,#N/A,#N/A,#N/A,#N/A,334.4463425,10.91888957,1.137178799,6.794607319,2.889881069,52.2584303,1.266375993,6.722048698,17.2164984,55.38454088,,,,,,,,,,
400059,400059f,,NA,NFLShelf,,NFLShelf,2014-05-05,2014,5,5,50.8872,308.7493,1,31.089,30,272.2707,33.0637,26.58,8.35156,8.5278,0.2587,2.68733,0.417,0.035,0.017,,,,,,,,,4.41,5.79,0.08,0.716,5.765,NA,NA,NA,,,,,,,,,,,,,#N/A,#N/A,#N/A,#N/A,#N/A,#N/A,NA,NA,NA,NA,NA,NA,NA,,,,,,,,,,,,,
400149,400149,,33,L3,17,CLB,2014-05-07,2014,5,7,57.7957,308.6653,0,1.913,2,276.675,34.833,27.7019,6.99636,7.12807,0.075,3.199049,0.158,0.013,0.007,,,,,,0.36610826,,x,0.51,14.57,0.03,1.009,7.44,0.01,19.99,89.09,2.31E+05,61.78745928,88287.86453,142756.35,91.49623251,5.382131324,8374.59634,855.7588805,90.76745528,0.980957877,9327.233584,x-f,0.012599032,0.277279394,0.364755735,0.303609877,0.032305729,0.089355778,258.6386071,12.32856449,1.145768858,6.102212066,2.903206278,48.04693055,1.179887702,5.383041208,16.54960962,26.92808689,1.098650575,0.018009449,0.016392335,0.138922,1.48218777,1.01543876,0.20759242,0.08997821,0.02415847,
400145,400145,,33,L3,17,CLB,2014-05-07,2014,5,7,57.7957,308.6653,0,9.593,10,276.676,34.833,27.7017,7.01158,7.13654,0.1003,3.199447,0.043,0.004,0.002,,,,,,0.180379017,,,0.48,14.63,0.03,1.007,7.435,0.06,17.85,124.06,2.24E+05,61.53846154,85970.46414,137552.7426,28.45759818,0,8212.862834,984.632897,89.32757557,0.308451573,9225.95333,x,0.021047444,0.201331087,0.312007297,0.107988738,0.028365126,0.043073542,192.1351687,13.0359291,0.574511303,7.491677409,1.548777095,61.31549709,0.179133114,3.133549883,39.58962029,17.55627726,1.670633082,0.021287942,0.01274244,0.103614,1.339113895,0.856382065,0.277246655,0.144755065,0.052358705,
400143,400143,,33,L3,17,CLB,2014-05-07,2014,5,7,57.7957,308.6653,0,20.11,20,276.676,34.833,27.702,6.98687,7.12709,0.109,3.199961,0.108,0.009,0.005,,,,,,0.14350068,,x,0.47,14.78,0.03,1.0035,7.435,0.08,17.85,73.27,2.24E+05,65.29394211,77688.71075,146158.9846,241.4605418,0,8274.440518,842.1672556,91.00062933,2.580239144,9358.068316,x-f,0.024005196,0.163184095,0.271555476,0.087415578,0.027380001,0.043238402,194.0779627,14.46597086,0.9843831,7.836501427,2.648877485,65.50623246,0.242058357,2.962740421,24.72980832,16.5992865,1.461982808,0.022927895,0.015682739,0.084406,1.17646452,0.72689589,0.18345698,0.0824474,0.02583966,
400139,400139,,33,L3,17,CLB,2014-05-07,2014,5,7,57.7957,308.6653,0,29.35,30,276.676,34.834,27.7021,6.99658,7.12264,0.1061,3.200427,0.2,0.017,0.008,,,,,,0.03917244,,,0.49,14.7,0.03,1.016,7.44,0.09,17.85,73.27,1.98E+05,65.65479665,67884.61538,129769.2308,245.2025586,0,7686.567164,836.8869936,90.45592705,2.796352584,8768.656716,x,0.018166351,0.140377777,0.328603592,0.07184015,0.0217107,0.044672913,145.5562935,13.21418386,0.72872398,5.434270239,1.98662838,48.05275904,-0.020349938,3.029093363,24.18809654,16.9710408,1.619534882,0.022560984,0.013930533,0.077463,1.138085025,0.708621585,0.195259855,0.095954495,0.031862005,
400136,400136,,33,L3,17,CLB,2014-05-07,2014,5,7,57.7957,308.6653,0,40.415,40,276.678,34.834,27.7021,6.97433,7.10897,0.1005,3.20106,0.033,0.003,0.001,,,,,,0.028790151,,,0.44,14.83,0.03,1.02,7.475,0.07,17.85,61.61,2.50E+05,62.77925028,93175.35545,157156.3981,286.2688016,0,8224.163028,834.5463367,91.06957425,3.063343718,9344.978166,x,0.0134354,0.424998577,0.180566853,0.152812097,0.045501675,0.018542954,225.9913833,14.50762244,1.455114713,9.803421877,3.667992848,77.44349752,1.459829404,2.918145365,21.11331748,16.34943467,1.532201079,0.024448807,0.015956657,0.066437,0.952209895,0.569842805,0.144179315,0.063896735,0.014497385,
400133,400133,,33,L3,17,CLB,2014-05-07,2014,5,7,57.7957,308.6653,0,59.529,60,276.677,34.835,27.7031,6.94736,7.08189,0.0972,3.201996,0.03,0.002,0.001,,,,,,0.017261858,,,0.44,14.92,0.03,1.015,7.51,0.07,18.56,104.91,2.30E+05,60.9559071,89852.82727,140278.8536,169.4915254,0,7385.59322,677.9661017,91.76531137,2.058672156,8233.050847,x,#N/A,#N/A,#N/A,#N/A,#N/A,#N/A,164.9413816,12.90966781,0.584399913,5.507616369,1.572270994,46.53771528,0.2645548,3.54425181,29.59904206,19.09356609,1.471572718,0.02493409,0.016943838,0.066108,0.92780961,0.54961095,0.1268953,0.05347566,0.01308104,
400149,400149f,,33,L3,17,CLB,2014-05-07,2014,5,7,57.7957,308.6653,1,1.913,2,276.675,34.833,27.7019,6.99636,7.12807,0.075,3.199049,15.301,1.274,0.637,63.7,1.99,24.24,,,0,,,0.51,14.57,0.03,1.009,7.44,0.01,19.99,89.09,,,,,,,,,,,,,#N/A,#N/A,#N/A,#N/A,#N/A,#N/A,,,,,,,,5.383041208,16.54960962,26.92808689,1.098650575,0.018009449,0.016392335,0.138922,1.48218777,1.01543876,0.20759242,0.08997821,0.02415847,
400139,400139f,,33,L3,17,CLB,2014-05-07,2014,5,7,57.7957,308.6653,1,29.35,30,276.676,34.834,27.7021,6.99658,7.12264,0.1061,3.200427,1.038,0.086,0.043,3.95,0.12,25.94,,,0,,,0.49,14.7,0.03,1.016,7.44,0.09,17.85,73.27,,,,,,,,,,,,,#N/A,#N/A,#N/A,#N/A,#N/A,#N/A,,,,,,,,3.029093363,24.18809654,16.9710408,1.619534882,0.022560984,0.013930533,0.077463,1.138085025,0.708621585,0.195259855,0.095954495,0.031862005,
400244,400244,,47,L3,20,CLB,2014-05-08,2014,5,8,59.0698,310.0612,0,1.761,2,276.117,34.618,27.5834,7.86642,8.02953,0.3642,3.131597,0.718,0.06,0.03,,,,,,3.133919881,,x,4.24,7.52,0.09,0.6205,6.02,0.37,11.42,63.28,8.49E+05,71.83314732,239218.0095,610071.09,133.7047354,0,2969.359331,3983.286908,43.78930818,1.886792453,7086.350975,x-f,0.03003745,0.079672818,0.055031096,0.065253519,0.034551865,0.033158436,191.9631718,11.43696793,1.142711263,6.566885351,3.033700089,55.72853173,0.335310341,3.444612048,18.36982236,30.15477974,1.689101409,0.023719797,0.014042849,0.078134,1.17091429,0.71153488,0.20931967,0.10227623,0.03429167,
400241,400241,,47,L3,20,CLB,2014-05-08,2014,5,8,59.0698,310.0612,0,8.821,10,276.117,34.618,27.5835,7.89123,8.03291,0.8547,3.132281,1.643,0.137,0.068,,,,,,2.186871123,,,3.48,7.42,0.11,0.631,6.06,0.3,12.14,168.18,9.74E+05,67.83281956,313337.9888,660754.1899,168.5393258,11.23595506,2994.382022,6747.191011,31.8799547,1.698754247,9921.348315,x,0.023943407,0.056533401,0.064276448,0.050790546,0.027015547,0.033444419,272.816977,9.877091068,0.635359338,8.057477141,1.622140033,63.28336482,1.262057436,4.311037787,39.01226993,35.51965469,1.431884865,0.028401214,0.019834845,0.066098,0.936019805,0.515538065,0.120803865,0.043929725,0.007887775,
400239,400239,,47,L3,20,CLB,2014-05-08,2014,5,8,59.0698,310.0612,0,19.638,20,276.111,34.618,27.5839,7.86256,8.02753,0.5967,3.13224,1.205,0.1,0.05,,,,,,1.146681173,,x,3.99,7.27,0.1,0.6395,6.015,0.3,12.14,66.61,8.81E+05,72.12598425,245648.9122,635633.9085,182.8631139,5.224660397,2863.113898,5177.638454,37.01587302,2.222222222,8228.840125,x-f,0.023075915,0.061453587,0.071987526,0.052258883,0.026572855,0.034358905,209.7244618,9.593868902,1.169996112,5.456355147,3.148671991,46.94809342,0.353429219,4.467156097,14.91044274,36.80595018,1.313370798,0.027174791,0.020690875,0.06794,0.98612157,0.55730297,0.12311838,0.04285883,0.00803747,
400235,400235,,47,L3,20,CLB,2014-05-08,2014,5,8,59.0698,310.0612,0,29.715,30,276.091,34.617,27.5852,7.84437,8.00457,0.8847,3.130936,2.374,0.198,0.099,,,,,,0.10778596,,,4.54,7.25,0.11,0.643,6.01,0.52,11.42,64.94,8.78E+05,70.73139046,256996.1977,621064.6388,141.3721414,0,3176.715177,6299.376299,34.50064851,1.469952443,9617.463617,x,0.024092401,0.076107452,0.11961608,0.059270633,0.026643124,0.033942844,275.0219891,9.092017237,1.663319066,9.867578372,4.234880262,77.38315037,1.216668176,3.554029369,18.27280716,31.11263948,1.509456669,0.026293917,0.017419458,0.06966,1.01721207,0.58560684,0.14204904,0.05842711,0.0163513,
400232,400232,,47,L3,20,CLB,2014-05-08,2014,5,8,59.0698,310.0612,0,40.154,40,276.109,34.623,27.5885,7.71345,7.88443,0.5554,3.133428,2.838,0.236,0.118,,,,,,0.041415932,,,3.82,8.23,0.1,0.692,6.13,0.42,12.85,70.77,8.01E+05,69.65771034,242897.498,557627.1186,94.39899308,6.293266205,2718.691001,3971.050975,41.42724745,1.390176089,6790.434235,x,0.025300331,0.141871847,0.127472907,0.067138335,0.03193133,0.02110233,199.0034319,14.24858181,1.041275322,5.736192199,2.811965317,48.51022667,0.084693983,4.102298537,17.25136024,31.92203607,1.332963086,0.025779214,0.019339781,0.07023,1.0464832,0.60900532,0.13857151,0.05167932,0.01478526,
400229,400229,,47,L3,20,CLB,2014-05-08,2014,5,8,59.0698,310.0612,0,59.816,60,276.102,34.652,27.6124,7.34166,7.48876,0.2715,3.136138,2.03,0.169,0.085,,,,,,0.02765488,,,2.84,10.35,0.11,0.815,6.35,0.52,13.56,63.28,9.23E+05,72.61567517,252743.7056,670206.5849,115.6812339,0,2191.51671,2853.470437,44.70734745,2.241594022,5160.66838,x,0.020477905,0.103059661,0.096040161,0.075675558,0.026484702,0.025844985,493.2292524,12.8227446,3.226119206,24.943078,7.79477445,190.5090558,2.28381044,2.58900686,24.44061173,19.08602231,1.5727724,0.020208286,0.01284883,0.082709,1.070584095,0.700353815,0.179369155,0.093144835,0.035109235,
400244,400244f,,47,L3,20,CLB,2014-05-08,2014,5,8,59.0698,310.0612,1,1.761,2,276.117,34.618,27.5834,7.86642,8.02953,0.3642,3.131597,5.705,0.475,0.238,3.79,0.12,66.71,,,0,,,4.24,7.52,0.09,0.6205,6.02,0.37,13.56,63.28,9.64E+05,68.03625856,307971.0145,655530.1297,5082.179931,4.325259516,14658.3045,739.6193772,96.36824324,24.80996622,20484.42907,,#N/A,#N/A,#N/A,#N/A,#N/A,#N/A,,,,,,,,5.586444172,11.32686723,41.18297241,1.689101409,0.023719797,0.014042849,0.078134,1.17091429,0.71153488,0.20931967,0.10227623,0.03429167,
400235,400235f,,47,L3,20,CLB,2014-05-08,2014,5,8,59.0698,310.0612,1,29.715,30,276.091,34.617,27.5852,7.84437,8.00457,0.8847,3.130936,0.07,0.006,0.003,9.67,0.3,0.96,,,0,,,4.54,7.25,0.11,0.643,6.01,0.52,14.28,64.94,3.74E+06,64.4755289,1328903.785,2411908.517,363.8368247,16.53803749,40396.9129,2442.116869,94.31122449,0.841836735,43219.40463,,#N/A,#N/A,#N/A,#N/A,#N/A,#N/A,,,,,,,,6.409805533,10.13167918,44.89011158,1.509456669,0.026293917,0.017419458,0.06966,1.01721207,0.58560684,0.14204904,0.05842711,0.0163513,
400365,400365,,67,L3,27.5,GSS,2014-05-09,2014,5,9,60.5077,311.7073,0,2.291,2,273.128,33.262,26.7046,8.4901,8.71822,0.5515,2.770766,0.98,0.082,0.041,,,,,,7.834603892,,x,6.37,3.25,0.06,0.454,5.26,0.03,9.28,96.58,2.93E+05,60.88004058,114598.8113,178343.2392,11.82033097,0,3085.106383,6312.056738,32.91457286,0.125628141,9408.983452,x-f,0.03643609,0.116240875,0.106087055,0.095080569,0.040391568,0.066468465,356.1288098,15.28577313,1.49931533,8.076328982,3.687376117,59.88361336,1.751301865,5.94701605,16.24016956,64.07543823,1.345261824,0.024630079,0.018308762,0.104377,1.49432458,0.89086949,0.21959105,0.08631644,0.02176335,
400362,400362,,67,L3,27.5,GSS,2014-05-09,2014,5,9,60.5077,311.7073,0,10.262,10,273.094,33.263,26.7063,8.49175,8.69386,0.8473,2.768462,0.528,0.044,0.022,,,,,,5.219602325,,,5.86,3.61,0.06,0.4585,4.91,0.02,7.85,70.77,3.83E+05,49.55622655,193302.9453,189901.8233,28.93518519,5.787037037,4259.259259,5439.814815,44.05469679,0.297265161,9733.796296,x,0.036453466,0.077448475,0.078337144,0.059165849,0.038067565,0.070971089,235.3161293,11.92703197,1.246028693,6.72570024,3.325072276,56.41955111,0.321749802,4.170825976,16.96791721,53.10864382,1.429955005,0.024464377,0.017108494,0.09247,1.426558805,0.853434225,0.227962455,0.095263595,0.023110605,
400360,400360,,67,L3,27.5,GSS,2014-05-09,2014,5,9,60.5077,311.7073,0,19.851,20,273.03,33.281,26.724,8.25648,8.45247,0.8604,2.765025,0.647,0.054,0.027,,,,,,1.363725412,,x,5.86,4.85,0.05,0.499,5,0.09,9.28,67.44,5.28E+05,43.13805578,300400.7398,227897.6572,35.50295858,0,2704.142012,6242.60355,30.50065876,0.395256917,8982.248521,x-f,0.036381102,0.074341634,0.072801739,0.06180564,0.037123192,0.068494446,394.1011877,13.19930157,2.387956052,12.2581892,5.843742142,91.83173438,2.013612469,4.29155771,15.71454252,46.23889336,1.539081139,0.023704341,0.015401619,0.098,1.493230655,0.907692905,0.264372885,0.120527505,0.034786815,
400355,400355,,67,L3,27.5,GSS,2014-05-09,2014,5,9,60.5077,311.7073,0,30.46,30,272.989,33.348,26.777,7.95897,8.13004,0.2901,2.766677,0.765,0.064,0.032,,,,,,0.067872058,,,2.09,7.55,0.05,0.6535,5.385,0.22,9.28,69.11,2.34E+05,69.2432652,72035.51046,162175.0159,45.30011325,0,1291.053228,1964.892412,40.48027444,1.372212693,3301.245753,x,0.036716027,0.114663689,0.096340464,0.08071675,0.039866366,0.065942641,290.2888673,9.147228995,1.662796266,24.79028005,4.200689757,198.7670521,1.436852764,1.460447616,47.31771771,15.73542432,1.585731003,0.024971787,0.015747808,0.095964,1.419235265,0.840053795,0.243991335,0.109288865,0.033543195,
400352,400352,,67,L3,27.5,GSS,2014-05-09,2014,5,9,60.5077,311.7073,0,39.827,40,273.097,33.422,26.8348,7.78912,7.955,0.118,2.782109,0.748,0.062,0.031,,,,,,0.002116629,,,0.97,7.69,0.06,0.6895,5.43,0.27,11.42,66.61,2.33E+05,72.34162101,64557.37705,168852.459,5.740528129,0,958.6681975,1446.613088,40,0.238095238,2411.021814,x,0.038368177,0.09509334,0.06649354,0.066771002,0.038466263,0.071144067,242.6022025,9.213291956,1.392681273,8.968123103,3.642277843,71.24916147,0.64636145,3.404983266,19.56170412,29.80786195,1.40860545,0.02479211,0.017600464,0.087115,1.33309155,0.79204776,0.20411489,0.08318436,0.01701917,
400349,400349,,67,L3,27.5,GSS,2014-05-09,2014,5,9,60.5077,311.7073,0,60.265,60,273.138,33.443,26.8503,7.76145,7.9099,0.0721,2.78806,0.742,0.062,0.031,,,,,,0.004765477,,,0.77,7.95,0.06,0.6955,5.4,0.25,12.14,67.44,2.47E+05,73.46643053,65552.90374,181503.58,40.54738976,10.13684744,963.0005068,1246.832235,44.39461883,1.793721973,2260.516979,x,0.041349437,0.188130531,0.121711609,0.082128931,0.046310598,0.046689666,202.1417585,12.73680237,1.116898339,6.135859361,2.997362986,52.19192726,0.248028672,3.873046448,17.41261486,31.91094099,1.479182269,0.024488779,0.016555619,0.086899,1.31715479,0.78757994,0.21484687,0.0923503,0.02365181,
400365,400365f,,67,L3,27.5,GSS,2014-05-09,2014,5,9,60.5077,311.7073,1,2.291,2,273.128,33.262,26.7046,8.4901,8.71822,0.5515,2.770766,4.002,0.333,0.167,7.59,0.24,41.25,,,0,,,6.37,3.25,0.06,0.454,5.26,0.03,9.28,96.58,4.90E+05,50.02262102,245118.3432,245340.2367,43.33694475,5.417118093,30769.23077,525.460455,98.30625648,0.138264777,31343.44529,,#N/A,#N/A,#N/A,#N/A,#N/A,#N/A,,,,,,,,5.94701605,16.24016956,64.07543823,1.345261824,0.024630079,0.018308762,0.104377,1.49432458,0.89086949,0.21959105,0.08631644,0.02176335,
400355,400355f,,67,L3,27.5,GSS,2014-05-09,2014,5,9,60.5077,311.7073,1,30.46,30,272.989,33.348,26.777,7.95897,8.13004,0.2901,2.766677,1.482,0.123,0.062,15.77,0.49,11.13,,,0,,,2.09,7.55,0.05,0.6535,5.385,0.22,9.28,69.11,2.90E+05,59.23384791,118359.8938,171978.7517,11.47446931,5.737234653,15938.03787,309.8106713,98.05996473,0.070546737,16265.06024,,#N/A,#N/A,#N/A,#N/A,#N/A,#N/A,,,,,,,,1.460447616,47.31771771,15.73542432,1.585731003,0.024971787,0.015747808,0.095964,1.419235265,0.840053795,0.243991335,0.109288865,0.033543195,
400467,400467,,86,L3,22,CLB,2014-05-10,2014,5,10,59.7465,310.8398,0,2.304,2,276.35,34.476,27.4482,7.34202,7.57859,0.0717,3.140891,0.484,0.04,0.02,,,,,,0.723651938,,x,0.92,10.91,0.08,0.7735,6.215,0.08,14.28,61.61,6.23E+05,80.29085945,122840.3141,500425.3927,157.5299307,0,11695.02205,1027.095148,92.02544031,1.223091977,12879.64713,x-f,0.019437691,0.036365807,0.044572358,0.045338013,0.023865139,0.040371496,195.3345817,13.79066589,1.174908958,7.304028271,3.170412243,60.81766414,0.102927815,3.211806708,19.18288837,22.49340651,1.07524855,0.027476881,0.025553981,0.068133,0.972199935,0.545960695,0.112374885,0.030526265,0.003327835,
400464,400464,,86,L3,22,CLB,2014-05-10,2014,5,10,59.7465,310.8398,0,10.414,10,276.34,34.477,27.4499,7.33981,7.56449,0.0675,3.140407,0.393,0.033,0.016,,,,,,0.62728115,,,1.07,10.96,0.08,0.765,6.255,0.06,14.28,68.27,6.36E+05,78.07839441,139520.1129,496930.1341,189.9509804,0,12542.89216,1237.745098,91.14035088,1.359649123,13970.58824,x,0.017631788,0.012437703,0.006780645,0.034061608,0.020787125,0.035827157,202.5256278,14.74657789,1.128342278,7.696965691,2.966432387,63.54961044,0.467638582,3.186890153,21.42290878,22.31890716,1.79371163,0.027009731,0.015058012,0.064686,0.931805315,0.528434865,0.142336915,0.066038525,0.019748225,
400462,400462,,86,L3,22,CLB,2014-05-10,2014,5,10,59.7465,310.8398,0,20.036,20,276.339,34.515,27.4805,7.30691,7.49379,0.1236,3.143836,0.302,0.025,0.013,,,,,,0.391159425,,x,0.8,11.45,0.08,0.814,6.295,0.05,16.42,105.74,5.84E+05,73.70526316,153691.5505,430803.9377,298.3293556,11.93317422,13723.15036,811.4558473,94.45337621,2.009646302,14844.86874,x-f,0.020010907,0.019274938,0.030077119,0.038160634,0.022820858,0.0379727,179.6176773,13.83203597,0.617592447,4.247124112,1.698688218,37.03184813,-0.222234636,4.850356824,21.80026196,29.5380404,1.607535181,0.02421927,0.01506609,0.070962,1.02543378,0.61662825,0.158907,0.073696,0.02503361,
400458,400458,,86,L3,22,CLB,2014-05-10,2014,5,10,59.7465,310.8398,0,30.064,30,276.338,34.536,27.4974,7.24224,7.42947,0.1203,3.146014,0.757,0.063,0.032,,,,,,0.149267708,,,0.56,12.03,0.07,0.829,6.405,0.13,27.84,88.25,5.56E+05,71.54636193,158246.1786,397908.2864,292.3331495,0,11798.12466,672.9178158,94.72774417,2.290406223,12763.37562,x,0.018340281,0.020313871,0.023880195,0.041964421,0.020248017,0.03966595,189.0967781,10.58843075,0.785575238,1.411714219,2.14262705,12.10329124,0.031463601,15.62358323,5.64880913,56.11149828,1.803257075,0.023982099,0.013299324,0.071667,1.049396495,0.634188625,0.188166615,0.095493895,0.030963835,
400455,400455,,86,L3,22,CLB,2014-05-10,2014,5,10,59.7465,310.8398,0,39.724,40,276.341,34.56,27.5166,7.23796,7.38332,0.1157,3.148635,0.923,0.077,0.038,,,,,,0.103963177,,,0.5,12.17,0.08,0.8505,6.3,0.07,15.71,67.44,5.48E+05,70.66929134,160832.6908,387509.6376,383.7342497,0,11804.12371,847.6517755,93.4973638,2.943760984,13035.50974,x,0.020970756,0.06516569,0.044385142,0.050469501,0.026469861,0.031523644,285.1840908,11.59658889,1.695842134,11.16706801,4.22871674,84.21115687,1.526096759,3.38653572,19.91411628,21.5609954,1.262031397,0.027080273,0.021457686,0.068726,0.943435465,0.534238425,0.107630705,0.036030435,0.008440495,
400452,400452,,86,L3,22,CLB,2014-05-10,2014,5,10,59.7465,310.8398,0,60.439,60,276.191,34.63,27.5862,7.13124,7.2761,0.0737,3.142159,0.327,0.027,0.014,,,,,,0.016050058,,,0.31,13.11,0.1,0.883,6.405,0.2,16.42,96.58,5.13E+05,65.14946571,178675.4508,334015.2566,239.2065344,5.834305718,4544.924154,542.5904317,89.71553611,4.485776805,5332.555426,x,0.021228894,0.050417573,0.046671902,0.064671434,0.024755975,0.035253784,169.4928286,13.91825969,0.65980861,6.465361244,1.754937515,56.27858146,0.307365518,3.011675565,32.06870957,18.34071137,0.947319652,0.026590909,0.028069627,0.071277,0.932219855,0.533340255,0.092384845,0.022074255,-0.002544815,
400467,400467f,,86,L3,22,CLB,2014-05-10,2014,5,10,59.7465,310.8398,1,2.304,2,276.35,34.476,27.4482,7.34202,7.57859,0.0717,3.140891,6.781,0.565,0.282,26.83,0.84,25.18,,,0,,,0.92,10.91,0.08,0.7735,6.215,0.08,16.42,61.61,7.22E+05,73.03961936,194616.9089,527245.7067,48.63221884,0,14413.37386,261.3981763,98.22460776,0.330305533,14723.40426,,#N/A,#N/A,#N/A,#N/A,#N/A,#N/A,,,,,,,,5.353638832,11.50838364,32.60296218,1.07524855,0.027476881,0.025553981,0.068133,0.972199935,0.545960695,0.112374885,0.030526265,0.003327835,
400458,400458f,,86,L3,22,CLB,2014-05-10,2014,5,10,59.7465,310.8398,1,30.064,30,276.338,34.536,27.4974,7.24224,7.42947,0.1203,3.146014,1.488,0.124,0.062,,,100,,,0,,,0.56,12.03,0.07,0.829,6.405,0.13,27.84,88.25,5.81E+05,71.7789467,164075.1658,417317.6124,120.8617972,0,14834.47189,136.6263794,99.09470752,0.800835655,15091.96006,,#N/A,#N/A,#N/A,#N/A,#N/A,#N/A,,,,,,,,15.62358323,5.64880913,56.11149828,1.803257075,0.023982099,0.013299324,0.071667,1.049396495,0.634188625,0.188166615,0.095493895,0.030963835,
400563,400563,,96,L3,16.5,CLB,2014-05-11,2014,5,11,57.5865,308.4277,0,2.315,2,276.64,34.834,27.7063,7.05921,7.17269,0.0701,3.195892,0.271,0.023,0.011,,,,,,0.58251995,,x,0.55,15.19,0.08,0.967,7.59,0.03,18.56,65.77,2.36E+05,65.20400308,82256.59691,154140.1274,271.5751358,12.07000604,8901.629451,808.6904043,91.78743961,2.717391304,9993.964997,x-f,0.025167765,0.057707597,0.017097195,0.052599274,0.026104464,0.029642957,176.2070305,12.94921534,1.000364884,6.280101836,2.678949091,54.08696662,0.362460812,3.25784642,20.18962092,17.55064517,1.502132338,0.025773949,0.017158241,0.057696,0.861955325,0.501674005,0.121356585,0.050585395,0.012793165,
400560,400560,,96,L3,16.5,CLB,2014-05-11,2014,5,11,57.5865,308.4277,0,10.135,10,276.635,34.834,27.7066,7.04715,7.17955,0.0951,3.19588,0.387,0.032,0.016,,,,,,0.543330139,,,0.53,15.13,0.08,0.971,7.605,0.01,27.13,98.25,2.29E+05,64.72824871,80706.2436,148106.4483,299.0834539,0,7399.903521,853.8350217,90.01692047,3.496897913,8552.821997,x,0.023747455,0.115644078,0.141052044,0.058683784,0.026578253,0.044074167,224.0806659,10.00325575,0.866575058,2.318722537,2.280818351,18.81939833,0.852326061,11.90689851,8.25116052,43.88851456,1.480488802,0.025407878,0.017161817,0.059003,0.877500575,0.514662925,0.117234215,0.048858145,0.008693825,
400558,400558,,96,L3,16.5,CLB,2014-05-11,2014,5,11,57.5865,308.4277,0,19.314,20,276.64,34.835,27.7068,7.03945,7.15853,0.1061,3.196843,0.197,0.016,0.008,,,,,,0.223471863,,x,0.52,14.8,0.09,0.9775,7.48,0.06,20.7,74.93,2.33E+05,64.32929982,83268.9522,150169.0005,269.8327037,0,9179.708581,841.8780356,91.81961196,2.621919245,10291.41932,x-f,0.022639595,0.093029969,0.112734605,0.054440568,0.024262904,0.034098317,391.5094838,11.76533708,2.073014452,9.011780272,5.224781063,67.96709694,1.826189488,5.760279626,13.00860191,27.8215547,1.505960742,0.024304051,0.016138569,0.063216,0.940763985,0.564707115,0.129578295,0.056895615,0.015925245,
400554,400554,,96,L3,16.5,CLB,2014-05-11,2014,5,11,57.5865,308.4277,0,31.087,30,276.637,34.835,27.7072,7.00923,7.12857,0.1079,3.197193,0.337,0.028,0.014,,,,,,0.078567222,,,0.51,15.69,0.08,0.9755,7.44,0.06,19.28,71.6,2.42E+05,65.69163184,82996.37118,158916.5371,310.0775194,5.53709856,8837.209302,686.6002215,92.96567248,3.151378728,9839.424142,x,0.020517918,0.11202591,0.101451288,0.059117172,0.024747959,0.036164974,264.2718713,14.77485443,1.403952016,9.491011875,3.690802517,76.6656414,0.775506322,3.447070506,20.77207899,17.88225276,1.766549118,0.022469279,0.012719306,0.069405,1.06089998,0.66183614,0.1853915,0.09691024,0.03267957,
400551,400551,,96,L3,16.5,CLB,2014-05-11,2014,5,11,57.5865,308.4277,0,39.797,40,276.636,34.835,27.7077,7.01284,7.13498,0.1105,3.197478,0.511,0.043,0.021,,,,,,0.013990154,,,0.53,15.17,0.08,0.9895,7.49,0.11,18.56,70.77,2.27E+05,64.54637608,80494.82163,146547.756,301.8446059,5.589714925,8485.187255,888.764673,90.76212471,3.11778291,9681.386249,x,0.018512806,0.02160494,0.043926794,0.049638294,0.021285963,0.034567515,163.5179282,13.99362043,0.871567797,6.113653394,2.3105468,50.94912199,0.497536337,3.209435645,22.05067735,17.28984702,1.817671422,0.023487807,0.012921921,0.067199,0.94697057,0.57826027,0.16185484,0.08373708,0.0290178,
400548,400548,,96,L3,16.5,CLB,2014-05-11,2014,5,11,57.5865,308.4277,0,61.069,60,276.637,34.835,27.7077,7.00051,7.12411,0.1012,3.19853,0.168,0.014,0.007,,,,,,0.006485502,,,0.5,15.33,0.07,0.979,7.45,0.07,20.7,97.41,2.34E+05,64.80184332,82270.57303,151464.8858,297.9613173,0,8076.319916,784.1087297,91.43835616,3.253424658,9158.389963,x,0.017959786,0.06538814,0.075286197,0.062287839,0.022464426,0.03338806,197.338028,14.1301335,0.759900243,4.540999506,2.025784489,37.66736276,0.27774738,5.238965872,18.59396345,25.3036632,1.66633627,0.022824886,0.013697647,0.071459,0.96880301,0.59988544,0.15727187,0.07820988,0.02277667,
400563,400563f,,96,L3,16.5,CLB,2014-05-11,2014,5,11,57.5865,308.4277,1,2.315,2,276.64,34.834,27.7063,7.05921,7.17269,0.0701,3.195892,3.923,0.327,0.163,3.91,0.12,57.17,,,0,,,0.55,15.19,0.08,0.967,7.59,0.03,18.56,65.77,3.20E+05,62.82469942,118922.1273,200973.4093,133.2649923,5.125576627,13203.48539,169.1440287,98.71016692,0.986342944,13511.01999,,,,,,,,176.2070305,12.94921534,1.000364884,6.280101836,2.678949091,54.08696662,0.362460812,3.25784642,20.18962092,17.55064517,1.502132338,0.025773949,0.017158241,0.057696,0.861955325,0.501674005,0.121356585,0.050585395,0.012793165,
400554,400554f,,96,L3,16.5,CLB,2014-05-11,2014,5,11,57.5865,308.4277,1,31.087,30,276.637,34.835,27.7072,7.00923,7.12857,0.1079,3.197193,0.715,0.06,0.03,5.48,0.17,14.8,,,0,,,0.51,15.69,0.08,0.9755,7.44,0.06,19.28,71.6,2.73E+05,60.34013044,108393.5018,164914.2599,129.2134831,0,12702.24719,202.247191,98.44827586,0.99137931,13033.70787,,,,,,,,264.2718713,14.77485443,1.403952016,9.491011875,3.690802517,76.6656414,0.775506322,3.447070506,20.77207899,17.88225276,1.766549118,0.022469279,0.012719306,0.069405,1.06089998,0.66183614,0.1853915,0.09691024,0.03267957,
400804,400804,,120,L3,5,LSS,2014-05-13,2014,5,13,54.487,305.2495,0,3.238,2,271.759,32.909,26.4703,7.82987,7.99626,0.0381,2.633415,0.157,0.013,0.007,,,,,,0.397613977,,x,0.3,7.46,0.07,0.9155,8.02,0.13,26.42,95.75,2.74E+05,67.05495062,90389.06901,183974.0621,42.33700254,0,2455.546147,643.5224386,79.5148248,1.347708895,3141.405588,x-f,0.044686314,0.055591905,0.067498629,0.063644541,0.045963021,0.07452501,183.5069932,15.6532358,0.675906211,1.056734152,1.916562994,9.782531948,-0.756961231,18.7586398,5.1042058,71.01260544,1.351474503,0.024778494,0.018334415,0.096069,1.524390245,0.905965655,0.234456915,0.092039395,0.015533735,
400801,400801,,120,L3,5,LSS,2014-05-13,2014,5,13,54.487,305.2495,0,10.835,10,271.765,32.908,26.4695,7.83214,7.99468,0.0455,2.634167,0.283,0.024,0.012,,,,,,0.335193844,,,0.32,7.46,0.07,0.9055,8,0.13,12.85,81.59,2.82E+05,65.71729958,96827.90046,185611.6369,49.71002486,8.285004143,2767.191384,712.5103563,79.62529274,1.405152225,3537.696769,x,0.054295664,0.059408735,0.037987905,0.056432318,0.040650282,0.088084892,174.3004887,13.95103988,0.758557283,3.666717823,2.136194775,33.60395473,-0.524967181,5.186904043,15.73075411,40.36189381,1.404184986,0.025030802,0.017825858,0.095218,1.492344,0.88223324,0.23677143,0.09539026,0.02045064,
400799,400799,,120,L3,5,LSS,2014-05-13,2014,5,13,54.487,305.2495,0,19.282,20,271.748,32.908,26.4699,7.81297,7.96169,0.0585,2.633154,0.164,0.014,0.007,,,,,,0.281918918,,x,0.33,7.36,0.07,0.897,7.885,0.11,12.85,78.26,2.74E+05,67.63280145,88633.84956,185204.646,27.9798545,5.595970901,3312.814773,665.9205372,83.26359833,0.69735007,4012.311136,x-f,0.046641361,0.083251898,0.073233333,0.069187718,0.045915729,0.071397211,187.0709214,13.96869147,0.842726448,3.872089286,2.390268847,35.21647203,-0.585421466,5.312029021,14.73326822,41.33555383,1.442322699,0.025063738,0.017377344,0.101572,1.55945342,0.92126909,0.24538465,0.10114776,0.02722146,
400795,400795,,120,L3,5,LSS,2014-05-13,2014,5,13,54.487,305.2495,0,29.99,30,271.748,32.908,26.4704,7.80831,7.95225,0.0616,2.633715,0.334,0.028,0.014,,,,,,0.072278623,,,0.31,7.39,0.06,0.905,7.945,0.13,12.14,101.58,2.88E+05,70.74775496,84358.97436,204025.641,33.27787022,11.09262341,2900.721021,820.854132,77.90868925,0.88365243,3765.945646,x,0.042049931,0.054166663,0.02989886,0.062477452,0.040332536,0.079050188,192.3591539,13.12961077,0.674391823,4.723725991,1.893744336,42.15519884,-0.45115139,4.563118172,22.26023759,37.5966043,1.405550457,0.02428863,0.017280511,0.098965,1.55602195,0.9343271,0.25323788,0.10490165,0.02549421,
400792,400792,,120,L3,5,LSS,2014-05-13,2014,5,13,54.487,305.2495,0,40.247,40,271.734,32.91,26.4723,7.76542,7.94132,0.0612,2.633228,0.447,0.037,0.019,,,,,,0.032289842,,,0.3,7.54,0.07,0.9005,7.95,0.2,12.14,92.42,2.90E+05,67.60666545,94095.74468,196382.9787,34.12969283,0,2696.245734,796.3594994,77.41935484,0.967741935,3526.734926,x,0.048100201,0.110252204,0.086893033,0.086777733,0.047448195,0.075155929,185.3975828,13.29828831,0.714598175,4.74854304,2.006085359,42.85695427,-0.441730162,4.325962635,21.36347493,35.64262402,1.600227734,0.024880788,0.015548279,0.103379,1.519047285,0.900852995,0.277707255,0.125663195,0.036145585,
400789,400789,,120,L3,5,LSS,2014-05-13,2014,5,13,54.487,305.2495,0,60.435,60,271.68,32.942,26.4999,7.70945,7.86053,0.0523,2.632079,0.4,0.033,0.017,,,,,,0.00457125,,,0.25,7.66,0.06,0.9025,9.03,0.19,13.56,90.75,2.49E+05,67.37588652,81296.02356,167893.9617,38.23047515,10.9229929,2053.522665,617.1490989,76.90763052,1.40562249,2719.825232,x,0.042455225,0.184891026,0.173604786,0.190916132,0.04926738,0.082632325,227.753661,14.28271709,0.91939491,4.420808121,2.509615501,40.27029,-0.278168476,5.655625052,16.04639834,41.69297022,1.441937214,0.023691173,0.0164301,0.133413,1.605801295,0.976391395,0.253802115,0.109795525,0.025782085,
400804,400804f,,120,L3,5,LSS,2014-05-13,2014,5,13,54.487,305.2495,1,3.238,2,271.759,32.909,26.4703,7.82987,7.99626,0.0381,2.633415,4.454,0.371,0.185,11,0.34,35.03,,,0,,,0.3,7.46,0.07,0.9155,8.02,0.13,26.42,95.75,4.57E+05,65.97522328,155558.4826,301633.2982,7.220216606,0,5898.916968,223.8267148,96.34864547,0.11778563,6129.963899,,#N/A,#N/A,#N/A,#N/A,#N/A,#N/A,183.5069932,15.6532358,0.675906211,1.056734152,1.916562994,9.782531948,-0.756961231,18.7586398,5.1042058,71.01260544,1.351474503,0.024778494,0.018334415,0.096069,1.524390245,0.905965655,0.234456915,0.092039395,0.015533735,
400795,400795f,,120,L3,5,LSS,2014-05-13,2014,5,13,54.487,305.2495,1,29.99,30,271.748,32.908,26.4704,7.80831,7.95225,0.0616,2.633715,0.971,0.081,0.04,22.66,0.71,5.4,,,0,,,0.31,7.39,0.06,0.905,7.945,0.13,12.14,101.58,3.15E+05,64.05075439,113251.5956,201780.3158,7.598784195,7.598784195,5919.452888,98.78419453,98.23677582,0.125944584,6033.43465,,#N/A,#N/A,#N/A,#N/A,#N/A,#N/A,192.3591539,13.12961077,0.674391823,4.723725991,1.893744336,42.15519884,-0.45115139,4.563118172,22.26023759,37.5966043,1.405550457,0.02428863,0.017280511,0.098965,1.55602195,0.9343271,0.25323788,0.10490165,0.02549421,
400889,400889,,137,L3,9.5,LSS,2014-05-14,2014,5,14,55.3428,306.0985,0,1.91,2,275.246,34.37,27.4597,7.38929,7.5424,0.065,3.036035,0.235,0.02,0.01,,,,,,0.985866107,,x,0.6,14.16,0.1,0.817,7.59,0.1,16.42,63.28,4.08E+05,68.00635786,130583.874,277571.8258,18.62197393,0,6176.28802,633.1471136,90.72727273,0.272727273,6828.057107,x-f,0.023312247,0.047289007,0.028211556,0.042203292,0.031383869,0.028337397,214.4897331,14.13687247,1.294726391,12.84501847,3.389699786,104.0194649,0.422004396,2.062015347,30.68692554,12.55740451,2.339898253,0.022130911,0.009458066,0.078587,1.12607488,0.70750463,0.29139859,0.17988733,0.08316133,
400886,400886,,137,L3,9.5,LSS,2014-05-14,2014,5,14,55.3428,306.0985,0,9.419,10,275.249,34.371,27.4596,7.39133,7.54632,0.091,3.036518,0.166,0.014,0.007,,,,,,1.276692266,,,0.51,14.42,0.1,0.811,7.665,0.09,16.42,65.77,4.10E+05,69.97885835,122979.2148,286662.8176,49.12663755,10.91703057,6975.982533,758.7336245,90.12605042,0.630252101,7794.759825,x,0.025708,0.053298163,0.066793086,0.038686435,0.027961357,0.024272717,208.9296118,15.70775897,1.227209972,14.53808087,3.176444163,115.4950539,0.640545762,1.808991856,36.35985648,11.01652445,2.050154716,0.026289701,0.012823277,0.066823,0.9610419,0.55331878,0.17530436,0.09115274,0.03185049,
400883,400883,,137,L3,9.5,LSS,2014-05-14,2014,5,14,55.3428,306.0985,0,19.361,20,275.247,34.37,27.4598,7.40368,7.54911,0.0977,3.036729,0.337,0.028,0.014,,,,,,0.778114923,,x,0.51,14.56,0.12,0.812,7.515,0.1,16.42,62.44,4.11E+05,70.81156767,120070.8906,291293.7528,19.3174501,0,6670.959433,746.9414037,89.95670996,0.25974026,7437.218287,x-f,0.025196319,0.069188668,0.091542242,0.041963371,0.029608282,0.025399267,230.6029672,11.49628835,1.479450221,20.29491635,3.692937411,139.9956126,1.696031361,1.647215673,37.90901307,10.0313286,2.111026174,0.025665012,0.0121576,0.070139,1.000135325,0.583430505,0.197816185,0.106410115,0.037412235,
400880,400880,,137,L3,9.5,LSS,2014-05-14,2014,5,14,55.3428,306.0985,0,27.839,30,275.239,34.37,27.461,7.38239,7.54604,0.1074,3.03584,0.633,0.053,0.026,,,,,,0.08197921,,,0.59,12.88,0.12,0.8275,7.735,0.13,15.71,56.62,4.10E+05,71.57221738,116452.381,293190.4762,40.98360656,0,7069.672131,778.6885246,90.12987013,0.519480519,7889.344262,x,0.019988151,0.035540376,0.008341695,0.036122278,0.024737621,0.029414383,266.8183631,9.213505863,1.835450141,13.92402504,4.712757814,103.2972489,1.247823101,2.58301519,21.91864148,16.44523585,1.666639286,0.026024551,0.015614987,0.070021,0.967340605,0.560055055,0.152055575,0.068571825,0.015602825,
400877,400877,,137,L3,9.5,LSS,2014-05-14,2014,5,14,55.3428,306.0985,0,39.609,40,275.214,34.378,27.4686,7.3722,7.52401,0.1153,3.03547,0.608,0.051,0.025,,,,,,0.169393474,,,0.58,12.43,0.1,0.8045,7.695,0.13,15.71,60.78,4.24E+05,65.50427602,146401.7522,278003.7547,19.28020566,0,7461.439589,732.6478149,91.07981221,0.234741784,8213.367609,x,0.021112268,0.059124784,0.037583308,0.041903795,0.024902878,0.033677017,164.2987243,13.81288062,1.017396529,6.403427634,2.703209162,53.84302499,0.527052502,3.051439334,19.91818678,19.42754333,1.892442107,0.028180385,0.014891015,0.062756,0.860435345,0.476110705,0.129071635,0.060396175,0.017951885,
400874,400874,,137,L3,9.5,LSS,2014-05-14,2014,5,14,55.3428,306.0985,0,60.781,60,275.56,34.483,27.5242,7.20015,7.34548,0.1143,3.07495,0.134,0.011,0.006,,,,,,0.003290189,,,0.54,13.49,0.08,0.8615,7.78,0.15,18.56,61.61,4.03E+05,64.58925302,142697.201,260279.8982,59.13660556,0,7114.133649,762.8622117,90.38748137,0.745156483,7936.132466,x,0.017802778,0.098744768,0.01953745,0.106583399,0.026689461,0.042185299,154.2067063,12.57111325,0.92390969,3.665628955,2.502879037,31.80941326,0.145914987,4.847832465,12.70912928,26.11620576,1.778170422,0.027112669,0.015247509,0.072748,0.91617946,0.51845136,0.13276795,0.06100647,0.01296589,
400889,400889f,,137,L3,9.5,LSS,2014-05-14,2014,5,14,55.3428,306.0985,1,1.91,2,275.246,34.37,27.4597,7.38929,7.5424,0.065,3.036035,3.485,0.29,0.145,,,,,,0,,,0.6,14.16,0.1,0.817,7.59,0.1,16.42,63.28,6.20E+05,67.25486492,203141.1158,417229.2546,0,0,10281.22956,228.9077829,97.82202862,0,10510.13734,,#N/A,#N/A,#N/A,#N/A,#N/A,#N/A,214.4897331,14.13687247,1.294726391,12.84501847,3.389699786,104.0194649,0.422004396,2.062015347,30.68692554,12.55740451,2.339898253,0.022130911,0.009458066,0.078587,1.12607488,0.70750463,0.29139859,0.17988733,0.08316133,
400880,400880f,,137,L3,9.5,LSS,2014-05-14,2014,5,14,55.3428,306.0985,1,27.839,30,275.239,34.37,27.461,7.38239,7.54604,0.1074,3.03584,0.627,0.052,0.026,11.85,0.37,6.59,,,0,,,0.59,12.88,0.12,0.8275,7.735,0.13,15.71,56.62,4.50E+05,64.32280398,160642.9615,289624.9391,23.72479241,5.931198102,10664.29419,213.5231317,97.98803698,0.217509516,10907.47331,,#N/A,#N/A,#N/A,#N/A,#N/A,#N/A,266.8183631,9.213505863,1.835450141,13.92402504,4.712757814,103.2972489,1.247823101,2.58301519,21.91864148,16.44523585,1.666639286,0.026024551,0.015614987,0.070021,0.967340605,0.560055055,0.152055575,0.068571825,0.015602825,
400950,400950,,150,NFLShelfBIO,1,NFLShelf,2014-05-15,2014,5,15,53.8458,307.147,0,3.388,2,273.423,33.685,27.037,7.53423,7.73972,0.0233,2.830025,0.201,0.017,0.008,,,,,,0,,,0.27,11.05,0.06,0.923,8.4,0.15,13.56,63.28,2.98E+05,61.45883102,114800.759,183064.5161,12.39925604,12.39925604,2405.455673,582.7650341,80.24691358,0.411522634,3013.019219,x-f,0.032212632,0.060942255,0.044711397,0.046938808,0.033638468,0.047532491,162.3423571,14.25292242,0.914739667,7.582371043,2.565585985,70.15438458,-0.454343205,2.314072856,27.34439032,17.0592233,1.525971949,0.025486309,0.016701689,0.075963,1.17674088,0.68903457,0.16970807,0.07240632,0.01625918,
400948,400948,,150,NFLShelfBIO,1,NFLShelf,2014-05-15,2014,5,15,53.8458,307.147,0,8.307,10,273.495,33.73,27.0633,7.44963,7.66624,0.0255,2.837148,0.236,0.02,0.01,,,,,,0,,,NA,NA,NA,NA,NA,NA,14.28,58.28,3.13E+05,63.56730477,113973.384,198859.3156,29.23976608,0,2713.450292,543.8596491,83.4519573,0.889679715,3286.549708,x,0.029147824,0.067633246,0.024782429,0.049033636,0.032942403,0.04604644,177.822643,12.31129096,1.137858245,NA,3.051106312,NA,0.341922791,NA,NA,NA,1.626724866,0.028689983,0.017636654,0.066566,0.96882604,0.5303809,0.13440308,0.05467322,0.00935018,
400947,400947,,150,NFLShelfBIO,1,NFLShelf,2014-05-15,2014,5,15,53.8458,307.147,0,19.993,20,274.418,34.187,27.3737,7.17139,7.34415,0.0471,2.950979,0.287,0.024,0.012,,,,,,0,,,NA,NA,NA,NA,NA,NA,14.99,64.94,3.14E+05,61.18776671,122025.9392,192374.7764,24.30133657,0,2290.400972,407.0473876,85.04464286,0.892857143,2721.749696,x-f,0.032942377,0.072132173,0.053096178,0.058846116,0.03305689,0.045567565,186.1331307,10.83720911,1.063394186,NA,2.866139991,NA,0.366377328,NA,NA,NA,1.580780641,0.026948039,0.017047298,0.065919,0.97101389,0.55138426,0.15618946,0.06547429,0.01186045,
400944,400944,,150,NFLShelfBIO,1,NFLShelf,2014-05-15,2014,5,15,53.8458,307.147,0,30.586,30,274.181,34.194,27.3956,6.96284,7.11366,0.0236,2.931635,0.07,0.006,0.003,,,,,,0,,,0.11,13.37,0.07,0.9735,8.18,NA,15.71,64.11,2.21E+05,58.43523118,92026.22673,129378.1726,32.50975293,0,448.6345904,104.0312094,82.22222222,5.555555556,585.1755527,x,0.030466043,0.042121384,0.017419437,0.048383267,0.026434885,0.048150701,159.2907453,13.49038508,0.90236759,7.958643987,2.484666695,70.27215924,-0.058398187,2.266768903,28.28232832,14.43179636,1.48650961,0.025714569,0.017298623,0.065937,0.996197195,0.580528725,0.138421815,0.057287125,0.009384725,
400942,400942,,150,NFLShelfBIO,1,NFLShelf,2014-05-15,2014,5,15,53.8458,307.147,0,41.192,40,274.334,34.228,27.4124,6.93564,7.07373,0.0211,2.947978,0.222,0.018,0.009,,,,,,0,,,NA,NA,NA,NA,NA,NA,19.28,94.08,2.39E+05,59.22535997,97361.40725,141417.9104,17.00680272,0,538.5487528,119.047619,82.35294118,2.521008403,674.6031746,x,0.031520702,0.038612524,0.019216936,0.048018161,0.02923366,0.035411496,141.5179087,15.47347855,0.536566159,NA,1.504185085,NA,-0.557964838,NA,NA,NA,1.189458725,0.026843525,0.022567849,0.067941,0.96431216,0.54878187,0.11153429,0.03528196,0.00119756,
400941,400941,,150,NFLShelfBIO,1,NFLShelf,2014-05-15,2014,5,15,53.8458,307.147,0,61.232,60,274.785,34.322,27.4566,6.85421,6.99122,0.0242,2.99497,0.102,0.008,0.004,,,,,,0,,,NA,NA,NA,NA,NA,NA,17.13,68.27,2.20E+05,61.27532777,85365.21282,135076.1955,25.88996764,6.472491909,453.0744337,148.8673139,75.51020408,4.081632653,634.3042071,x,0.027305613,0.060742453,0.026601487,0.086594702,0.03101924,0.041149251,234.6561958,11.44893353,1.321363788,NA,3.437055086,NA,1.001513559,NA,NA,NA,1.395750831,0.027183236,0.019475708,0.073191,0.935328905,0.528503955,0.123337165,0.045680005,0.009684115,
400950,400950f,,150,NFLShelfBIO,1,NFLShelf,2014-05-15,2014,5,15,53.8458,307.147,1,3.388,2,273.423,33.685,27.037,7.53423,7.73972,0.0233,2.830025,4.078,0.34,0.17,13.37,0.42,28.9,,,0,,,0.27,11.05,0.06,0.923,8.4,0.15,13.56,63.28,3.77E+05,68.84048687,117601.5474,259816.2476,6.053268765,0,4697.336562,193.7046005,96.04449938,0.123609394,4897.094431,,#N/A,#N/A,#N/A,#N/A,#N/A,#N/A,162.3423571,14.25292242,0.914739667,7.582371043,2.565585985,70.15438458,-0.454343205,2.314072856,27.34439032,17.0592233,1.525971949,0.025486309,0.016701689,0.075963,1.17674088,0.68903457,0.16970807,0.07240632,0.01625918,
400944,400944f,,150,NFLShelfBIO,1,NFLShelf,2014-05-15,2014,5,15,53.8458,307.147,1,30.586,30,274.181,34.194,27.3956,6.96284,7.11366,0.0236,2.931635,0.48,0.04,0.02,24.52,0.77,2.54,,,0,,,0.11,13.37,0.07,0.9735,8.18,NA,15.71,64.11,2.59E+05,59.59381373,104643.4859,154335.3873,26.88172043,6.720430108,779.5698925,53.76344086,93.02325581,3.100775194,866.9354839,,#N/A,#N/A,#N/A,#N/A,#N/A,#N/A,159.2907453,13.49038508,0.90236759,7.958643987,2.484666695,70.27215924,-0.058398187,2.266768903,28.28232832,14.43179636,1.48650961,0.025714569,0.017298623,0.065937,0.996197195,0.580528725,0.138421815,0.057287125,0.009384725,
400976,400976,,157,NFLShelf,2,NFLShelf,2014-05-16,2014,5,16,49.8772,307.4023,0,2.549,2,272.7779,32.5116,26.1138,9.61996,9.82976,0.6578,2.685903,7.189,0.599,0.299,,,,,,0,,,13.85,0.12,0.02,0.349,0.66,0,6.43,76.6,1.54E+06,86.38879909,210006.2344,1332886.534,5.633802817,0,2591.549296,805.6338028,76.32450331,0.165562914,3402.816901,x-f,0.019467951,0.954614471,0.632374049,0.278837371,0.123871737,0,370.5569718,8.106246358,1.610508069,6.758237479,4.837661545,58.89338614,-0.90351928,6.29199637,12.17393685,97.9223395,1.726829371,0.025620671,0.014836828,0.102299,1.484617435,0.866860715,0.267320725,0.125432895,0.035040145,
400974,400974,,157,NFLShelf,2,NFLShelf,2014-05-16,2014,5,16,49.8772,307.4023,0,9.893,10,272.7256,32.5113,26.1157,9.57769,9.79253,1.0358,2.682016,6.049,0.504,0.252,,,,,,0,,,14.03,0.12,0.02,0.3695,0.735,NA,NA,NA,1.47E+06,85.54594374,212341.561,1256737.825,18.54140915,0,2484.548826,1841.779975,57.61024182,0.426742532,4344.87021,x,#N/A,#N/A,#N/A,#N/A,#N/A,#N/A,NA,NA,NA,NA,NA,NA,NA,NA,NA,NA,,,,,,,,,,
400972,400972,,157,NFLShelf,2,NFLShelf,2014-05-16,2014,5,16,49.8772,307.4023,0,19.443,20,272.4484,32.5647,26.1695,9.2871,9.49786,1.0715,2.664171,0.182,0.015,0.008,,,,,,0,,,14.89,0.28,0.02,0.393,1.23,NA,NA,NA,1.20E+06,86.06410734,167668.1614,1035470.852,18.28153565,6.093845216,1773.308958,847.0444851,67.74193548,0.69124424,2644.728824,x-f,#N/A,#N/A,#N/A,#N/A,#N/A,#N/A,NA,NA,NA,NA,NA,NA,NA,NA,NA,NA,,,,,,,,,,
400967,400967,,157,NFLShelf,2,NFLShelf,2014-05-16,2014,5,16,49.8772,307.4023,0,30.035,30,272.1271,32.6633,26.2604,8.79998,9.01416,0.9204,2.646188,6.558,0.546,0.273,,,,,,0,,,10.91,3.03,0.02,0.618,3.775,NA,NA,NA,8.62E+05,83.10436596,145659.3634,716453.0798,17.26121979,11.50747986,1495.972382,897.5834292,62.47030879,0.712589074,2422.324511,x,#N/A,#N/A,#N/A,#N/A,#N/A,#N/A,NA,NA,NA,NA,NA,NA,NA,NA,NA,NA,,,,,,,,,,
400965,400965,,157,NFLShelf,2,NFLShelf,2014-05-16,2014,5,16,49.8772,307.4023,0,39.875,40,271.7886,32.7773,26.363,8.33341,8.51633,0.3212,2.627868,5.561,0.463,0.232,,,,,,0,,,5.77,4.87,0.07,0.711,6.195,NA,NA,NA,7.10E+05,72.26187901,196979.0067,513159.2422,18.89168766,12.59445844,1139.798489,340.0503778,76.66666667,1.25,1511.335013,x,#N/A,#N/A,#N/A,#N/A,#N/A,#N/A,NA,NA,NA,NA,NA,NA,NA,NA,NA,NA,,,,,,,,,,
400962,400962,,157,NFLShelf,2,NFLShelf,2014-05-16,2014,5,16,49.8772,307.4023,0,60.267,60,271.5904,32.9523,26.5103,7.99447,8.13493,0.0556,2.625609,0.601,0.05,0.025,,,,,,0,,,0.6,7.61,0.08,0.852,8.43,NA,NA,NA,3.08E+05,59.54375467,124803.8763,183687.1251,0,12.91155584,1007.101356,180.7617818,84.04255319,1.063829787,1213.686249,x,#N/A,#N/A,#N/A,#N/A,#N/A,#N/A,NA,NA,NA,NA,NA,NA,NA,NA,NA,NA,,,,,,,,,,
400976,400976f,,157,NFLShelf,2,NFLShelf,2014-05-16,2014,5,16,49.8772,307.4023,1,2.549,2,272.7779,32.5116,26.1138,9.61996,9.82976,0.6578,2.685903,5.359,0.446,0.223,33.63,1.05,17.51,,,0,,,13.85,0.12,0.02,0.349,0.66,0,6.43,76.6,1.49E+06,82.40302164,262934.7163,1231269.067,23.59882006,0,7351.032448,241.8879056,96.82416731,0.309837335,7616.519174,,#N/A,#N/A,#N/A,#N/A,#N/A,#N/A,370.5569718,8.106246358,1.610508069,6.758237479,4.837661545,58.89338614,-0.90351928,6.29199637,12.17393685,97.9223395,,,,,,,,,,
400967,400967f,,157,NFLShelf,2,NFLShelf,2014-05-16,2014,5,16,49.8772,307.4023,1,30.035,30,272.1271,32.6633,26.2604,8.79998,9.01416,0.9204,2.646188,2.341,0.195,0.097,9.03,0.28,25.67,,,0,,,10.91,3.03,0.02,0.618,3.775,NA,NA,NA,9.82E+05,74.48395764,250527.6226,731315.9528,36.99136868,0,4512.946979,413.0702836,91.67701863,0.745341615,4963.008631,,#N/A,#N/A,#N/A,#N/A,#N/A,#N/A,NA,NA,NA,NA,NA,NA,NA,NA,NA,NA,,,,,,,,,,NA
407871,407871,,,L3,14,CLB,2015-05-09,2015,5,9,56.54,-52.6788,0,3.317,2,276.8188,34.82,27.6771,7.1973,7.2297,0.0956,3.210814,0.097,0.008,0.004,,,9.531884405,1.23,0.04,1.096498567,,,0.95,13.41,0.08,1.03,8.33,0.44,17.71,83.67,2.64E+05,66,9.08E+04,1.73E+05,122,0,9.88E+03,2.08E+03,83,1,1.21E+04,,0.024957355,0.0376473,0.109455515,0.038923578,0.027163478,0.037968979,397.888668,14.49200445,1.799910865,13.58641163,4.75564145,104.9447004,0.519720692,3.791412683,22.06741225,21.40313611,,,,,,,,,,
407869,407869,,,L3,14,CLB,2015-05-09,2015,5,9,56.54,-52.6788,0,14.029,10,276.7993,34.82,27.679,7.2084,7.2115,0.1701,3.209639,0.357,0.03,0.015,,,,,,0.90559685,,,1.18,13.56,0.07,0.95,8.34,0.75,17.36,101.08,2.67E+05,67,8.74E+04,1.80E+05,56,0,9.90E+03,1.70E+03,85,1,1.17E+04,,0.026336638,0.047794394,0.087478538,0.043461479,0.030867111,0.039312049,267.7556994,11.93872509,1.029974542,11.63250471,2.648861,89.62553983,0.955325043,2.987493296,33.83550131,17.21189554,,,,,,,,,,
407867,407867,,,L3,14,CLB,2015-05-09,2015,5,9,56.54,-52.6788,0,23.116,20,276.7777,34.8191,27.6805,7.1999,7.2284,0.1513,3.208113,0.223,0.019,0.009,,,,,,1.259978443,,,1.49,13.27,0.06,0.94,8.36,0.68,,,2.73E+05,68,8.71E+04,1.86E+05,142,6,7.10E+03,2.51E+03,74,2,9.76E+03,,#N/A,#N/A,#N/A,#N/A,#N/A,#N/A,NA,NA,NA,NA,NA,NA,NA,-14.01404369,0,#DIV/0!,,,,,,,,,,
407863,407863,,,L3,14,CLB,2015-05-09,2015,5,9,56.54,-52.6788,0,34.223,30,276.6841,34.8191,27.6898,7.1572,7.1977,0.2404,3.200356,0.17,0.014,0.007,,,3.65463386,5.98,0.19,0.962702912,,,1.31,13.28,0.07,0.99,8.29,0.47,18.5,91,2.83E+05,65,9.95E+04,1.83E+05,82,0,7.09E+03,1.68E+03,81,1,8.85E+03,,0.024231598,0.064707303,0.105231514,0.033035608,0.023774908,0.03497339,360.1338262,11.19061046,1.455859965,9.189218319,3.957514574,76.8346949,0.169296707,4.68712509,19.41488615,25.33581129,,,,,,,,,,
407860,407860,,,L3,14,CLB,2015-05-09,2015,5,9,56.54,-52.6788,0,43.898,40,276.6632,34.8188,27.6916,7.1352,7.1673,0.1913,3.198986,0.106,0.009,0.004,,,,,,0.082824041,,,1.5,13.28,0.07,1.46,8.32,0.28,,,2.86E+05,62,1.09E+05,1.77E+05,75,0,7.10E+03,3.94E+03,65,1,1.11E+04,,#N/A,#N/A,#N/A,#N/A,#N/A,#N/A,NA,NA,NA,NA,NA,NA,NA,-13.62701425,0,#DIV/0!,,,,,,,,,,
407857,407857,,,L3,14,CLB,2015-05-09,2015,5,9,56.54,-52.6788,0,64.552,60,276.6448,34.8181,27.6929,7.094,7.1322,0.1905,3.198356,0.439,0.037,0.018,,,,,,0.128241484,,,1.52,13.39,0.07,0.99,8.34,0.35,17.79,64.83,3.09E+05,63,1.14E+05,1.94E+05,181,0,6.08E+03,2.00E+03,76,3,8.26E+03,,0.033961976,0.099904349,0.162262893,0.038214134,0.029064048,0.036120885,200.2417491,15.18997394,1.164846121,6.394026717,3.088561683,50.24087276,0.382424347,3.985634367,16.26675389,22.40918921,,,,,,,,,,
407871,407871f,,,L3,14,CLB,2015-05-09,2015,5,9,56.54,-52.6788,1,3.317,2,276.8188,34.82,27.6771,7.1973,7.2297,0.0956,3.210814,1.447,0.12,0.06,11.9,0.37,13.94,,,0,,,0.95,13.41,0.08,1.03,8.33,0.44,,,3.22E+05,70,9.53E+04,2.26E+05,35,0,4.17E+04,1.67E+02,100,0,4.19E+04,,0.024957355,0.0376473,0.109455515,0.038923578,0.027163478,0.037968979,397.888668,14.49200445,1.799910865,13.58641163,4.75564145,104.9447004,0.519720692,-13.92287303,0,#DIV/0!,,,,,,,,,,
407863,407863f,,,L3,14,CLB,2015-05-09,2015,5,9,56.54,-52.6788,1,34.223,30,276.6841,34.8191,27.6898,7.1572,7.1977,0.2404,3.200356,0.523,0.044,0.022,11.42,0.36,5.75,,,0,,,1.31,13.28,0.07,0.99,8.29,0.47,,,2.96E+05,70,8.73E+04,2.08E+05,29,0,4.70E+04,2.59E+02,99,0,4.73E+04,,0.024231598,0.064707303,0.105231514,0.033035608,0.023774908,0.03497339,360.1338262,11.19061046,1.455859965,9.189218319,3.957514574,76.8346949,0.169296707,-13.81287491,0,#DIV/0!,,,,,,,,,,
407968,407968,,,L3,19.5,CLB,2015-05-10,2015,5,10,58.8497,-50.185,0,1.891,2,276.4543,34.7427,27.6512,7.7035,7.7636,0.7572,3.171979,0.338,0.028,0.014,,,0.52,85.46,2.67,4.616185101,,,3.5,8.57,0.13,0.72,7.2,0.27,,,4.94E+05,63,1.81E+05,3.13E+05,41,0,2.66E+03,9.05E+03,23,2,1.18E+04,,0.026426143,0.047638652,0.085413793,0.051443804,0.026129931,0.040656395,137.235748,16.31886452,NA,NA,NA,NA,-0.514436993,-8.968109202,0,#DIV/0!,,,,,,,,,,
407965,407965,,,L3,19.5,CLB,2015-05-10,2015,5,10,58.8497,-50.185,0,10.57,10,276.4557,34.7425,27.6509,7.7274,7.7619,0.8184,3.172538,0.511,0.043,0.021,,,,,,0.120263682,,,5.23,8.62,0.13,0.74,7.2,0.16,14.29,115.83,4.69E+05,64,1.71E+05,2.98E+05,57,0,3.10E+03,1.18E+04,21,2,1.50E+04,,0.022338956,0.021084229,0.002641055,0.030207304,0.023635039,0.032943406,134.1349101,16.77748808,0.396576732,2.765863278,1.157999224,24.94169333,-1.048533755,5.377939193,21.53860971,37.64557435,,,,,,,,,,
407963,407963,,,L3,19.5,CLB,2015-05-10,2015,5,10,58.8497,-50.185,0,20.316,20,276.4598,34.7437,27.6515,7.7442,7.7616,0.8204,3.173499,0.468,0.039,0.019,,,,,,0.018166923,,,5.49,8.59,0.14,0.72,7.2,0.23,,,5.02E+05,64,1.83E+05,3.19E+05,76,0,3.26E+03,8.29E+03,29,2,1.16E+04,,#N/A,#N/A,#N/A,#N/A,#N/A,#N/A,NA,NA,NA,NA,NA,NA,NA,-8.953428727,0,#DIV/0!,,,,,,,,,,
407959,407959,,,L3,19.5,CLB,2015-05-10,2015,5,10,58.8497,-50.185,0,29.982,30,276.4629,34.7439,27.6514,7.7148,7.7622,0.6558,3.174289,0.391,0.033,0.016,,,1.02,50.42,1.58,0.034170324,,,4.86,8.44,0.13,0.72,7.15,0.36,17.14,99.17,4.69E+05,65,1.63E+05,3.06E+05,138,33,2.98E+03,6.54E+03,32,4,9.69E+03,,0.027025124,0.041497386,0.003472037,0.031100802,0.025203902,0.030143084,142.6053729,16.75577256,0.516451017,1.941825072,1.438037374,17.34075774,-0.594425746,8.223710584,12.05862799,47.97164507,,,,,,,,,,
407956,407956,,,L3,19.5,CLB,2015-05-10,2015,5,10,58.8497,-50.185,0,39.622,40,276.4646,34.7446,27.6517,7.7102,7.7582,0.7348,3.174997,0.582,0.048,0.024,,,,,,0.024960525,,,4.53,8.42,0.13,0.73,7.18,0.37,,,4.44E+05,64,1.60E+05,2.85E+05,372,0,2.43E+03,5.98E+03,32,13,8.78E+03,,#N/A,#N/A,#N/A,#N/A,#N/A,#N/A,NA,NA,NA,NA,NA,NA,NA,-8.923061257,0,#DIV/0!,,,,,,,,,,
407953,407953,,,L3,19.5,CLB,2015-05-10,2015,5,10,58.8497,-50.185,0,61.856,60,276.4623,34.7445,27.6519,7.7184,7.7597,0.7272,3.175933,0.616,0.051,0.026,,,,,,0.035778306,,,4.53,8.5,0.13,0.73,7.19,0.39,13.07,155.83,4.77E+05,65,1.65E+05,3.12E+05,599,0,2.64E+03,7.17E+03,31,19,1.04E+04,,0.024234663,0.055226718,0.026370242,0.030037491,0.025843191,0.031233205,168.0586171,15.16161072,0.403833215,5.073489804,1.078451019,41.33071409,0.234968366,4.066191953,38.32414582,31.10747942,,,,,,,,,,
407968,407968f,,,L3,19.5,CLB,2015-05-10,2015,5,10,58.8497,-50.185,1,1.891,2,276.4543,34.7427,27.6512,7.7035,7.7636,0.7572,3.171979,0.493,0.041,0.021,14.87,0.46,4.23,,,0,,,3.5,8.57,0.13,0.72,7.2,0.27,,,4.68E+05,62,1.76E+05,2.93E+05,29,0,4.94E+04,3.18E+02,99,0,4.97E+04,,0.026426143,0.047638652,0.085413793,0.051443804,0.026129931,0.040656395,137.235748,16.31886452,NA,NA,NA,NA,-0.514436993,-8.968109202,0,#DIV/0!,,,,,,,,,,
407959,407959f,,,L3,19.5,CLB,2015-05-10,2015,5,10,58.8497,-50.185,1,29.982,30,276.4629,34.7439,27.6514,7.7148,7.7622,0.6558,3.174289,0.478,0.04,0.02,77.09,2.41,0.82,,,0,,,4.86,8.44,0.13,0.72,7.15,0.36,,,3.74E+05,64,1.33E+05,2.41E+05,12,0,6.14E+04,2.77E+02,100,0,6.17E+04,,0.027025124,0.041497386,0.003472037,0.031100802,0.025203902,0.030143084,142.6053729,16.75577256,0.516451017,1.941825072,1.438037374,17.34075774,-0.594425746,-8.919146559,0,#DIV/0!,,,,,,,,,,
408041,408041,,,L3,23,CLB,2015-05-11,2015,5,11,59.9777,-48.9013,0,2.819,2,275.3374,34.1866,27.3052,8.518,8.531,1.2592,3.029191,1.673,0.139,0.07,,,2.5,86.93,2.72,15.55478578,,,8.87,0.14,0.06,0.24,4.07,0,9.29,103.33,1.01E+06,75,2.49E+05,7.61E+05,176,0,4.75E+03,1.38E+04,26,4,1.87E+04,,0.043460753,0.169838796,0.166915022,0.045468656,0.032443362,0.057683643,260.9331121,13.15217191,0.975937883,3.698599366,2.525159149,28.71905321,0.886777143,9.085714286,11.37316562,97.84615385,,,,,,,,,,
408037,408037,,,L3,23,CLB,2015-05-11,2015,5,11,59.9777,-48.9013,0,11.73,10,275.3299,34.1877,27.3067,8.5092,8.5561,1.6314,3.029077,2.055,0.171,0.086,,,,,,0,,,10.58,0.24,0.05,0.25,4.09,NA,7.14,239.17,1.01E+06,77,2.37E+05,7.74E+05,75,0,4.42E+03,1.53E+04,23,2,1.98E+04,,0.052507274,0.52059641,0.503158077,0.065855665,0.03871414,0.068078786,189.9992366,14.5197122,0.294209743,3.208074211,0.794421895,27.72555047,0.081358775,6.852857143,34.9002849,95.94,,,,,,,,,,
408035,408035,,,L3,23,CLB,2015-05-11,2015,5,11,59.9777,-48.9013,0,21.141,20,275.3626,34.2047,27.3176,8.4512,8.5216,1.584,3.033738,2.046,0.17,0.085,,,,,,0,,,10.41,1.09,0.07,0.28,4.36,NA,,,1.00E+06,76,2.42E+05,7.58E+05,83,0,4.30E+03,1.49E+04,23,2,1.93E+04,,#N/A,#N/A,#N/A,#N/A,#N/A,#N/A,NA,NA,NA,NA,NA,NA,NA,-1.155,0,#DIV/0!,,,,,,,,,,
408031,408031,,,L3,23,CLB,2015-05-11,2015,5,11,59.9777,-48.9013,0,30.566,30,275.877,34.4433,27.4652,8.1805,8.1829,1.0972,3.098167,1.196,0.1,0.05,,,2.35,66.26,2.07,0.019726416,,,8.02,3.73,0.1,0.47,5.93,0.91,10.71,90.83,6.79E+05,69,2.13E+05,4.66E+05,75,0,3.19E+03,1.10E+04,23,2,1.43E+04,,0.045658845,0.217025746,0.196761226,0.05008297,0.042203003,0.028292012,261.0632589,10.91971763,1.055073076,5.452939704,2.874090923,43.71977349,0.155737708,5.971285714,15.21168768,55.732,,,,,,,,,,
408028,408028,,,L3,23,CLB,2015-05-11,2015,5,11,59.9777,-48.9013,0,41.198,40,275.846,34.4659,27.486,7.7702,7.8296,0.891,3.097842,1.141,0.095,0.048,,,,,,0,,,4.97,6.42,0.11,0.61,6.21,NA,,,7.58E+05,68,2.43E+05,5.14E+05,56,0,2.58E+03,7.99E+03,25,2,1.06E+04,,#N/A,#N/A,#N/A,#N/A,#N/A,#N/A,NA,NA,NA,NA,NA,NA,NA,-6.525,0,#DIV/0!,,,,,,,,,,
408025,408025,,,L3,23,CLB,2015-05-11,2015,5,11,59.9777,-48.9013,0,60.601,60,275.8347,34.4789,27.4973,7.6383,7.6781,0.531,3.098897,1.17,0.097,0.049,,,,,,0,,,4.38,6.79,0.13,0.62,6.34,NA,12.86,84.17,7.89E+05,67,2.63E+05,5.26E+05,83,0,2.32E+03,6.31E+03,28,3,8.72E+03,,0.028220759,0.047240729,0.049632592,0.044431158,0.026979759,0.045526644,211.0732257,14.39790417,0.945040206,4.49770957,2.507800701,35.52139872,0.468689425,5.942142857,14.1643627,46.21666667,,,,,,,,,,
408041,408041f,,,L3,23,CLB,2015-05-11,2015,5,11,59.9777,-48.9013,1,2.819,2,275.3374,34.1866,27.3052,8.518,8.531,1.2592,3.029191,1.446,0.12,0.06,37.87,1.18,4.84,,,0,,,8.87,0.14,0.06,0.24,4.07,0,,,9.18E+05,75,2.32E+05,6.86E+05,9,0,1.05E+05,7.17E+02,99,0,1.06E+05,,0.043460753,0.169838796,0.166915022,0.045468656,0.032443362,0.057683643,260.9331121,13.15217191,0.975937883,3.698599366,2.525159149,28.71905321,0.886777143,-0.2,0,#DIV/0!,,,,,,,,,,
408031,408031f,,,L3,23,CLB,2015-05-11,2015,5,11,59.9777,-48.9013,1,30.566,30,275.877,34.4433,27.4652,8.1805,8.1829,1.0972,3.098167,1.149,0.096,0.048,18.41,0.58,7.68,,,0,,,8.02,3.73,0.1,0.47,5.93,0.91,,,6.33E+05,69,1.99E+05,4.34E+05,39,0,1.01E+05,2.16E+02,100,0,1.01E+05,,0.045658845,0.217025746,0.196761226,0.05008297,0.042203003,0.028292012,261.0632589,10.91971763,1.055073076,5.452939704,2.874090923,43.71977349,0.155737708,-4.743,0,#DIV/0!,,,,,,,,,,
408063,408063,,,L3,28,GSS,2015-05-11,2015,5,11,60.57,-48.2295,0,3.416,2,272.6552,33.2902,26.7484,8.3428,8.3809,0.5845,2.734248,1.1,0.092,0.046,,,,,,8.12287954,,,3.98,4.45,0.07,0.5,4.77,0.01,12.14,80.83,4.90E+05,74,1.27E+05,3.63E+05,27,0,2.27E+03,3.30E+03,41,1,5.60E+03,,0.04277223,0.039608556,0.020279004,0.055543865,0.047045989,0.067131983,169.1196402,15.88163889,0.741063811,2.495181516,2.092201735,22.19963728,-0.716828562,7.618126285,10.61065809,62.73751058,,,,,,,,,,
408061,408061,,,L3,28,GSS,2015-05-11,2015,5,11,60.57,-48.2295,0,11.077,10,272.732,33.3311,26.7782,8.3117,8.3297,0.5157,2.743959,1.586,0.132,0.066,,,,,,1.889682846,,,2.69,4.73,0.07,0.51,4.75,NA,,,4.34E+05,79,8.91E+04,3.45E+05,5,0,2.31E+03,3.41E+03,40,0,5.73E+03,,#N/A,#N/A,#N/A,#N/A,#N/A,#N/A,NA,NA,NA,NA,NA,NA,NA,-4.795,0,#DIV/0!,,,,,,,,,,
408059,408059,,,L3,28,GSS,2015-05-11,2015,5,11,60.57,-48.2295,0,20.393,20,272.8362,33.3948,26.825,8.1906,8.2106,0.3774,2.757736,1.193,0.099,0.05,,,,,,0.022096042,,,3.35,5.7,0.06,0.56,4.94,0.23,,,4.19E+05,79,8.81E+04,3.31E+05,15,0,2.31E+03,2.74E+03,46,1,5.07E+03,,#N/A,#N/A,#N/A,#N/A,#N/A,#N/A,NA,NA,NA,NA,NA,NA,NA,-5.98890887,0,#DIV/0!,,,,,,,,,,
408055,408055,,,L3,28,GSS,2015-05-11,2015,5,11,60.57,-48.2295,0,31.347,30,272.933,33.4639,26.8766,7.9662,8.0057,0.2769,2.771429,0.766,0.064,0.032,,,,,,0.00103782,,,2.51,6.84,0.09,0.63,5.11,0.48,13.57,151.67,4.29E+05,77,9.77E+04,3.31E+05,24,0,2.12E+03,3.34E+03,39,1,5.49E+03,,0.045849422,0.049642638,0.042139669,0.053811972,0.043249425,0.074759166,33.42862408,5.413969861,0.075508519,0.649819764,0.22040851,5.420720422,-0.504780804,6.16682313,24.59397059,45.43974938,,,,,,,,,,
408053,408053,,,L3,28,GSS,2015-05-11,2015,5,11,60.57,-48.2295,0,40.705,40,273.0362,33.5292,26.9244,7.8077,7.8674,0.1462,2.78532,0.622,0.052,0.026,,,,,,0.05952419,,,1.68,7.89,0.08,0.68,5.47,0.55,,,3.63E+05,77,8.20E+04,2.81E+05,5,0,1.73E+03,9.36E+02,65,0,2.67E+03,,#N/A,#N/A,#N/A,#N/A,#N/A,#N/A,NA,NA,NA,NA,NA,NA,NA,-8.521786785,0,#DIV/0!,,,,,,,,,,
408050,408050,,,L3,28,GSS,2015-05-11,2015,5,11,60.57,-48.2295,0,60.183,60,273.0442,33.5341,26.928,7.8066,7.8337,0.1362,2.787296,0.635,0.053,0.026,,,,,,0.238932292,,,1.55,7.93,0.11,0.68,5.39,0.29,16.43,81.67,3.22E+05,76,7.69E+04,2.45E+05,28,0,2.06E+03,1.29E+03,62,1,3.38E+03,,0.03997329,0.015912042,0.00214765,0.048615176,0.036864507,0.069058577,160.2069144,14.88639604,0.701983605,2.163333117,1.961717319,19.77159398,-0.457185593,8.102883085,10.07871714,49.32189704,,,,,,,,,,
408231,408231,,,L3,18,CLB,2015-05-13,2015,5,13,58.2165,-50.8797,0,2,2,#N/A,#N/A,#N/A,#N/A,#N/A,#N/A,#N/A,1.496,0.125,0.062,,,4.65,40.88,1.28,12.58710983,,,8.02,4.69,0.13,0.51,6.91,0,11.43,92.5,6.63E+05,67,2.17E+05,4.46E+05,54,5,6.56E+03,1.16E+04,36,1,1.83E+04,,0.057225309,0.315907815,0.580356332,0.069429302,0.063179886,0.030723635,416.7304702,15.01161284,1.876801014,8.741722573,4.505194272,63.05908542,1.840189228,6.608571429,13.99697363,57.825,,,,,,,,,,
408230,408230,,,L3,18,CLB,2015-05-13,2015,5,13,58.2165,-50.8797,0,7.604,10,275.9556,34.491,27.4964,8.1168,8.162,1.1509,3.107754,1.785,0.149,0.074,,,,,,0,,,4.42,4.3,0.12,0.46,6.13,NA,11.43,92.5,6.21E+05,71,1.78E+05,4.43E+05,49,0,3.04E+03,5.09E+03,38,2,8.18E+03,,0.025468456,0.02084981,0.023493521,0.044029177,0.029428855,0.051459705,353.6425186,12.49677842,1.516088525,6.694963455,3.823162364,50.38668086,1.640081172,7.018571429,13.17932017,61.4125,,,,,,,,,,
408229,408229,,,L3,18,CLB,2015-05-13,2015,5,13,58.2165,-50.8797,0,18.884,20,275.972,34.5002,27.5022,7.9819,8.0244,0.9749,3.110517,1.887,0.157,0.079,,,,,,0,,,7.68,5.26,0.13,0.51,6.22,NA,,,6.34E+05,72,1.77E+05,4.57E+05,103,0,2.87E+03,1.07E+04,22,3,1.37E+04,,#N/A,#N/A,#N/A,#N/A,#N/A,#N/A,NA,NA,NA,NA,NA,NA,NA,-5.385,0,#DIV/0!,,,,,,,,,,
408227,408227,,,L3,18,CLB,2015-05-13,2015,5,13,58.2165,-50.8797,0,28.765,30,275.9903,34.5134,27.5112,7.9233,7.9692,0.8709,3.113704,1.487,0.124,0.062,,,,,,0,,,5.42,5.52,0.12,0.51,6.39,NA,13.57,93.17,5.82E+05,73,1.58E+05,4.24E+05,29,0,2.15E+03,9.76E+03,18,1,1.19E+04,,0.025221966,0.087232267,0.064602174,0.066255913,0.035138856,0.060870954,3225.212552,5.929263841,14.01280278,50.59911047,34.61766604,406.3808454,2.027575432,7.936428571,11.73911739,58.47894737,,,,,,,,,,
408226,408226,,,L3,18,CLB,2015-05-13,2015,5,13,58.2165,-50.8797,0,39.805,40,276.0926,34.5479,27.5295,7.8578,7.8879,0.9873,3.126052,1.895,0.158,0.079,,,,,,0,,,7.17,4.17,0.11,0.49,6.19,NA,,,5.25E+05,64,1.90E+05,3.34E+05,46,0,2.44E+03,9.54E+03,21,2,1.20E+04,,#N/A,#N/A,#N/A,#N/A,#N/A,#N/A,NA,NA,NA,NA,NA,NA,NA,-4.275,0,#DIV/0!,,,,,,,,,,
408224,408224,,,L3,18,CLB,2015-05-13,2015,5,13,58.2165,-50.8797,0,57.933,60,276.1366,34.6189,27.5822,7.4732,7.512,0.8914,3.136659,1.372,0.114,0.057,,,,,,0,,,6.82,7.92,0.11,0.63,6.44,NA,15.71,96.67,5.38E+05,64,1.93E+05,3.45E+05,32,0,1.90E+03,9.15E+03,17,2,1.11E+04,,0.046323659,0.243044622,0.945454912,0.104737901,0.056270111,0.023142242,239.2691842,11.74616845,0.956168065,3.79687752,2.475198457,31.13746587,1.235884899,7.684285714,12.57978559,48.9,,,,,,,,,,
408231,408231f,,,L3,18,CLB,2015-05-13,2015,5,13,58.2165,-50.8797,1,2,2,#N/A,#N/A,#N/A,#N/A,#N/A,#N/A,#N/A,0.649,0.054,0.027,12.54,0.39,6.45,,,0,,,8.02,4.69,0.13,0.51,6.91,NA,,,6.05E+05,68,1.93E+05,4.12E+05,124,0,9.51E+04,6.21E+02,99,0,9.59E+04,,0.057225309,0.315907815,0.580356332,0.069429302,0.063179886,0.030723635,416.7304702,15.01161284,1.876801014,8.741722573,4.505194272,63.05908542,1.840189228,-4.82,0,#DIV/0!,,,,,,,,,,
408276,408276,,,L3,15.5,CLB,2015-05-14,2015,5,14,57.175,-52.0053,0,2.328,2,276.6258,34.7113,27.6096,8.2754,8.2152,1.2633,3.184599,1.076,0.09,0.045,,,,,,5.798485466,,,5.12,4.45,0.15,0.56,6.62,0.56,11.43,115.83,4.58E+05,61,1.81E+05,2.77E+05,150,0,2.84E+03,9.67E+03,24,5,1.27E+04,,0.028724882,0.041678307,0.218460791,0.032665186,0.029467332,0.023872806,146.8229979,15.78701005,0.448239301,2.535011977,1.267536673,23.38639264,-0.681618979,6.278137896,18.45026905,54.93370659,,,,,,,,,,
408272,408272,,,L3,15.5,CLB,2015-05-14,2015,5,14,57.175,-52.0053,0,9.931,10,276.5815,34.7109,27.6135,8.005,7.8892,1.2072,3.181034,2.209,0.184,0.092,,,,,,1.172464273,,,5.49,5.31,0.15,0.57,6.75,1.83,12.14,99.17,4.23E+05,65,1.47E+05,2.76E+05,23,0,5.44E+03,8.32E+02,87,0,6.29E+03,,0.012066328,0.017840968,0.152003903,0.053171155,0.057370679,0.023391488,154.6910682,15.06665815,0.563946192,3.624644755,1.559909932,31.85507119,-0.223611075,4.856089233,20.42109646,39.99132309,,,,,,,,,,
408270,408270,,,L3,15.5,CLB,2015-05-14,2015,5,14,57.175,-52.0053,0,21.04,20,276.6115,34.7433,27.6364,7.4441,7.4606,0.703,3.186945,1.562,0.13,0.065,,,,,,0.011894707,,,3.28,11.25,0.13,0.85,7.64,0.85,,,3.22E+05,66,1.11E+05,2.11E+05,375,5,3.66E+03,3.06E+03,57,9,7.09E+03,,#N/A,#N/A,#N/A,#N/A,#N/A,#N/A,NA,NA,NA,NA,NA,NA,NA,-12.22787097,0,#DIV/0!,,,,,,,,,,
408265,408265,,,L3,15.5,CLB,2015-05-14,2015,5,14,57.175,-52.0053,0,30.772,30,276.6135,34.7589,27.6487,7.3885,7.4191,0.4333,3.18892,0.686,0.057,0.029,,,,,,0.006253642,,,2.58,11.99,0.14,0.89,7.7,0.32,18.57,86.67,5.12E+05,72,1.43E+05,3.69E+05,378,9,4.14E+03,2.16E+03,68,8,6.68E+03,,0.025284302,0.059460417,0.195148185,0.028150935,0.022146232,0.025510987,283.9422121,14.1201059,1.278435607,6.214178452,3.276256293,46.34002605,1.342205206,6.127364101,14.14420055,32.99349901,,,,,,,,,,
408263,408263,,,L3,15.5,CLB,2015-05-14,2015,5,14,57.175,-52.0053,0,40.701,40,276.5994,34.7629,27.6533,7.174,7.1907,0.1754,3.18852,0.433,0.036,0.018,,,,,,0.006775535,,,1.87,13.03,0.12,1,7.83,0.08,,,5.31E+05,72,1.49E+05,3.82E+05,480,0,4.77E+03,1.72E+03,75,9,6.98E+03,,#N/A,#N/A,#N/A,#N/A,#N/A,#N/A,NA,NA,NA,NA,NA,NA,NA,-13.22928863,0,#DIV/0!,,,,,,,,,,
408260,408260,,,L3,15.5,CLB,2015-05-14,2015,5,14,57.175,-52.0053,0,60.481,60,276.6093,34.7755,27.6623,7.3365,7.3838,0.4712,3.191457,1.065,0.089,0.044,,,,,,0.017553141,,,2.73,12.03,0.11,0.87,8.06,1.35,18.57,257.5,4.64E+05,73,1.26E+05,3.38E+05,268,0,4.39E+03,3.59E+03,56,6,8.25E+03,,0.03019507,0.217734591,0.372286075,0.03044372,0.026720851,0.031341062,167.8905051,15.43525316,0.244387913,4.037955576,0.652001962,33.06438295,0.370239051,5.077684509,50.71209122,27.34137813,,,,,,,,,,
408374,408374,,,L3,10,CLB,2015-05-15,2015,5,15,55.4212,-53.8265,0,1.527,2,276.2985,34.6277,27.5742,7.2018,7.2338,0.0602,3.148735,1.159,0.096,0.048,,,,,,0,,,0.55,13.49,0.12,0.9,8.05,0.71,16.86,118.17,4.14E+05,65,1.47E+05,2.67E+05,30,0,5.78E+03,1.22E+03,83,1,7.03E+03,,0.032998994,0.097158822,0.222304109,0.044494447,0.025501684,0.024016902,NA,NA,NA,NA,NA,NA,NA,2.542642857,46.4739538,15.08347458,,,,,,,,,,
408373,408373,,,L3,10,CLB,2015-05-15,2015,5,15,55.4212,-53.8265,0,10.034,10,276.3074,34.6293,27.5746,7.1721,7.2403,0.0735,3.150091,1.011,0.084,0.042,,,,,,0,,,0.55,13.86,0.12,0.9,8.22,0.91,,,3.90E+05,63,1.43E+05,2.47E+05,23,8,6.16E+03,1.02E+03,86,0,7.22E+03,,#N/A,#N/A,#N/A,#N/A,#N/A,#N/A,NA,NA,NA,NA,NA,NA,NA,-14.877,0,#DIV/0!,,,,,,,,,,
408372,408372,,,L3,10,CLB,2015-05-15,2015,5,15,55.4212,-53.8265,0,19.128,20,276.3599,34.6407,27.5788,7.2252,7.2495,0.09,3.156132,0.899,0.075,0.037,,,,,,0,,,0.7,13.6,0.13,0.89,8.04,0.81,,,4.05E+05,68,1.29E+05,2.76E+05,159,0,3.19E+03,1.40E+04,19,5,1.74E+04,,#N/A,#N/A,#N/A,#N/A,#N/A,#N/A,NA,NA,NA,NA,NA,NA,NA,-14.5335,0,#DIV/0!,,,,,,,,,,
408371,408371,,,L3,10,CLB,2015-05-15,2015,5,15,55.4212,-53.8265,0,30.967,30,276.4046,34.6917,27.6153,7.1256,7.1595,0.0978,3.164884,0.825,0.069,0.034,,,,,,0,,,0.92,13.81,0.12,0.92,8.08,0.82,17.29,56,4.17E+05,67,1.37E+05,2.80E+05,68,0,5.78E+03,1.47E+03,80,1,7.32E+03,,0.029588329,0.096778929,0.17274157,0.031448707,0.024628833,0.024787857,NA,NA,NA,NA,NA,NA,NA,2.547214286,21.98480132,14.73595041,,,,,,,,,,
408370,408370,,,L3,10,CLB,2015-05-15,2015,5,15,55.4212,-53.8265,0,50.05,50,276.4055,34.7739,27.6808,6.8857,6.917,0.0861,3.172719,0.201,0.017,0.008,,,,,,0,,,0.73,14.81,0.13,0.97,8.12,0.67,,,5.18E+05,73,1.38E+05,3.80E+05,37,0,4.20E+03,2.23E+03,66,1,6.47E+03,,#N/A,#N/A,#N/A,#N/A,#N/A,#N/A,NA,NA,NA,NA,NA,NA,NA,-15.5985,0,#DIV/0!,,,,,,,,,,
408444,408444,,,L3,9.5,LSS,2015-05-16,2015,5,16,55.3388,-53.9048,0,1001.994,1000,276.4182,34.8553,27.7445,6.5104,6.5593,0.0187,3.229096,0.16,0.013,0.007,,,,-12.78,-0.4,0,,,NA,12.87,0.11,0.9,8.2,0.78,,,7.84E+04,62,2.95E+04,4.89E+04,19,0,1.74E+02,3.88E+01,83,10,2.33E+02,,0.013568082,0,0.012118419,0.026388183,0.023375947,0.010734181,NA,NA,NA,NA,NA,NA,NA,-13.7485,0,#DIV/0!,,,,,,,,,,
408444,408444f,,,L3,9.5,LSS,2015-05-16,2015,5,16,55.3388,-53.9048,1,1001.994,1000,276.4182,34.8553,27.7445,6.5104,6.5593,0.0187,3.229096,1.228,0.102,0.051,-21.42,-0.67,,,,0,,,NA,12.87,0.11,0.9,8.2,0.78,,,1.19E+05,68,3.80E+04,8.08E+04,22,0,2.95E+02,4.40E+01,88,7,3.60E+02,,0.013568082,0,0.012118419,0.026388183,0.023375947,0.010734181,NA,NA,NA,NA,NA,NA,NA,-13.7485,0,#DIV/0!,,,,,,,,,,
408395,408395,,,L3,8.5,LSS,2015-05-15,2015,5,15,55.1903,-54.047,0,2.561,2,276.3249,34.6698,27.6053,7.1152,7.1958,0.0554,3.15458,0.643,0.053,0.027,,,5.24,15.49,0.48,1.608926776,,,0.85,13.01,0.11,0.89,7.99,0,18.57,68.33,3.50E+05,62,1.34E+05,2.16E+05,47,0,4.63E+03,1.44E+03,76,1,6.12E+03,,#N/A,#N/A,#N/A,#N/A,#N/A,#N/A,145.2169144,15.7423321,0.765674098,3.043444638,2.125125576,26.61391283,-0.374641676,5.456428571,12.5234542,29.38076923,,,,,,,,,,
408392,408392,,,L3,8.5,LSS,2015-05-15,2015,5,15,55.1903,-54.047,0,10.314,10,276.3112,34.6713,27.6078,7.1706,7.1933,0.0777,3.153888,0.643,0.054,0.027,,,,,,1.566602557,,,0.95,13.12,0.12,0.89,7.98,0,20,73.33,3.47E+05,60,1.39E+05,2.08E+05,42,0,4.89E+03,3.65E+03,57,1,8.58E+03,,0.007158979,0.212270983,0.254786958,0.036036622,0.019740751,0.039089534,146.7350874,14.48794746,0.744406997,2.537307861,2.00093301,21.69033073,0.291842244,6.765,10.8401084,33.825,,,,,,,,,,
408390,408390,,,L3,8.5,LSS,2015-05-15,2015,5,15,55.1903,-54.047,0,19.599,20,276.2997,34.6764,27.6129,7.1416,7.1889,0.0697,3.153771,0.746,0.062,0.031,,,,,,1.5314485,,,1.01,13.3,0.11,0.88,7.97,0,,,3.23E+05,62,1.22E+05,2.01E+05,47,0,4.41E+03,1.65E+03,73,1,6.12E+03,,#N/A,#N/A,#N/A,#N/A,#N/A,#N/A,NA,NA,NA,NA,NA,NA,NA,-13.4,0,#DIV/0!,,,,,,,,,,
408386,408386,,,L3,8.5,LSS,2015-05-15,2015,5,15,55.1903,-54.047,0,30.105,30,276.3182,34.6857,27.6186,7.1262,7.1823,0.1368,3.156708,0.829,0.069,0.034,,,17.3,5.28,0.16,1.151876133,,,0.88,13.29,0.13,0.9,8.2,0.09,20,117.5,3.45E+05,61,1.33E+05,2.12E+05,47,0,4.78E+03,1.92E+03,72,1,6.74E+03,,0.008426247,0.090924714,0.137193016,0.036691314,0.018222721,0.032336486,146.3440852,15.51800437,0.457303068,2.584907899,1.245481576,22.5254789,-0.124086421,6.496824587,18.08575842,32.48412294,,,,,,,,,,
408383,408383,,,L3,8.5,LSS,2015-05-15,2015,5,15,55.1903,-54.047,0,38.98,40,276.3206,34.687,27.6195,7.132,7.1836,0.1485,3.157486,0.691,0.058,0.029,,,,,,0.432407603,,,0.98,13.29,0.14,0.9,8.1,0.01,,,3.24E+05,61,1.28E+05,1.97E+05,38,0,4.38E+03,1.13E+03,80,1,5.54E+03,,#N/A,#N/A,#N/A,#N/A,#N/A,#N/A,NA,NA,NA,NA,NA,NA,NA,-13.42768806,0,#DIV/0!,,,,,,,,,,
408380,408380,,,L3,8.5,LSS,2015-05-15,2015,5,15,55.1903,-54.047,0,60.649,60,276.3441,34.6972,27.6254,7.121,7.178,0.1259,3.16152,0.764,0.064,0.032,,,,,,0.006900731,,,1.06,13.37,0.12,0.89,8.07,0,21.43,68.33,3.44E+05,61,1.33E+05,2.10E+05,64,0,4.46E+03,2.18E+03,67,1,6.70E+03,,0.005447657,0.048531351,0.111254566,0.032548178,0.02172233,0.035784938,125.9626887,14.59265935,0.667722256,1.731407791,1.84335642,15.86717331,-0.192317218,7.938571429,8.607761982,37.04666667,,,,,,,,,,
408395,408395f,,,L3,8.5,LSS,2015-05-15,2015,5,15,55.1903,-54.047,1,2.561,2,276.3249,34.6698,27.6053,7.1152,7.1958,0.0554,3.15458,1.67,0.139,0.07,157.43,4.92,1.39,,,0,,,0.85,13.01,0.11,0.89,7.99,0,,,4.49E+05,70,1.36E+05,3.13E+05,35,0,3.40E+04,1.38E+02,100,0,3.41E+04,,#N/A,#N/A,#N/A,#N/A,#N/A,#N/A,145.2169144,15.7423321,0.765674098,3.043444638,2.125125576,26.61391283,-0.374641676,-13.115,0,#DIV/0!,,,,,,,,,,
408386,408386f,,,L3,8.5,LSS,2015-05-15,2015,5,15,55.1903,-54.047,1,30.105,30,276.3182,34.6857,27.6186,7.1262,7.1823,0.1368,3.156708,0.805,0.067,0.034,2.41,0.08,30.76,,,0,,,0.88,13.29,0.13,0.9,8.2,0.09,,,3.42E+05,61,1.34E+05,2.08E+05,0,0,3.28E+04,1.07E+02,100,0,3.29E+04,,0.008426247,0.090924714,0.137193016,0.036691314,0.018222721,0.032336486,146.3440852,15.51800437,0.457303068,2.584907899,1.245481576,22.5254789,-0.124086421,-13.50317541,0,#DIV/0!,,,,,,,,,,
408491,408491,,,L3,11.5,CLB,2015-05-16,2015,5,16,55.7328,-53.4948,0,2.023,2,276.6058,34.6726,27.5807,7.8075,7.9101,0.4362,3.179608,1.537,0.128,0.064,,,4.21,46.59,1.46,9.849886998,,,4.05,7.85,0.12,0.7,7.6,0.15,15,96.67,4.93E+05,61,1.94E+05,2.99E+05,114,0,3.71E+03,7.05E+03,35,3,1.09E+04,,0.008906868,0.013345476,0,0.051420036,0.017931783,0.040435256,NA,NA,NA,NA,NA,NA,NA,6.881817018,14.04667785,45.87878012,,,,,,,,,,
408488,408488,,,L3,11.5,CLB,2015-05-16,2015,5,16,55.7328,-53.4948,0,9.813,10,276.5606,34.6751,27.587,7.7196,7.838,0.6366,3.176217,1.24,0.103,0.052,,,,,,2.258758125,,,3.28,9.09,0.11,0.78,7.56,0.22,14.29,75.83,4.57E+05,58,1.90E+05,2.66E+05,78,0,3.43E+03,7.27E+03,33,2,1.08E+04,,0.004055903,0.013636415,0,0.030913139,0.020508872,0.027881322,187.271966,12.89107703,0.926659406,4.479945068,2.469520431,38.44686422,0.208650137,4.870929524,15.56855482,34.09650666,,,,,,,,,,
408486,408486,,,L3,11.5,CLB,2015-05-16,2015,5,16,55.7328,-53.4948,0,20.102,20,276.4709,34.7037,27.6185,7.2897,7.4035,0.3661,3.171176,1.094,0.091,0.046,,,,,,0.101205045,,,2.1,10.84,0.1,0.85,7.36,0.34,,,4.73E+05,55,2.13E+05,2.59E+05,81,0,3.10E+03,3.97E+03,44,3,7.16E+03,,#N/A,#N/A,#N/A,#N/A,#N/A,#N/A,NA,NA,NA,NA,NA,NA,NA,-11.27684256,0,#DIV/0!,,,,,,,,,,
408482,408482,,,L3,11.5,CLB,2015-05-16,2015,5,16,55.7328,-53.4948,0,29.71,30,276.4483,34.7163,27.6307,7.1774,7.27,0.2728,3.170709,0.876,0.073,0.036,,,11.06,9.38,0.29,0,,,2.14,11.04,0.11,0.88,7.41,0.81,18.57,227.5,4.66E+05,59,1.89E+05,2.76E+05,52,0,2.87E+03,3.86E+03,43,2,6.78E+03,,0.00862586,0,0.018037811,0.037896564,0.024646674,0.029856353,145.2937474,13.09614359,0.235524475,2.495088546,0.638653835,21.93288043,0.107301425,6.62447178,34.3423608,35.67023266,,,,,,,,,,
408479,408479,,,L3,11.5,CLB,2015-05-16,2015,5,16,55.7328,-53.4948,0,39.644,40,276.442,34.7265,27.6394,7.0182,7.1479,0.169,3.171502,0.658,0.055,0.027,,,,,,0.005621651,,,1.46,11.33,0.1,0.92,7.46,0.79,,,4.01E+05,61,1.57E+05,2.44E+05,42,0,2.61E+03,1.28E+03,67,2,3.93E+03,,#N/A,#N/A,#N/A,#N/A,#N/A,#N/A,NA,NA,NA,NA,NA,NA,NA,-12.20728197,0,#DIV/0!,,,,,,,,,,
408476,408476,,,L3,11.5,CLB,2015-05-16,2015,5,16,55.7328,-53.4948,0,59.904,60,276.4323,34.7613,27.6681,6.7673,6.8843,0.0593,3.17456,0.31,0.026,0.013,,,,,,0,,,0.49,13.12,0.23,0.99,7.75,0.47,20,65,3.54E+05,61,1.37E+05,2.17E+05,32,0,2.24E+03,5.56E+02,80,1,2.83E+03,,0.009428671,0,0,0.028974134,0.024205654,0.018658171,188.9627676,10.21156954,1.123723243,3.728679971,2.907119502,30.55522047,1.06877316,6.184303852,10.51047969,30.92151926,,,,,,,,,,
408491,408491f,,,L3,11.5,CLB,2015-05-16,2015,5,16,55.7328,-53.4948,1,2.023,2,276.6058,34.6726,27.5807,7.8075,7.9101,0.4362,3.179608,0.427,0.036,0.018,95.4,2.98,0.59,,,0,,,4.05,7.85,0.12,0.7,7.6,0.15,,,2.50E+05,67,8.37E+04,1.67E+05,153,0,5.48E+04,3.15E+02,99,0,5.52E+04,,0.008906868,0.013345476,0,0.051420036,0.017931783,0.040435256,NA,NA,NA,NA,NA,NA,NA,-8.118182982,0,#DIV/0!,,,,,,,,,,
408482,408482f,,,L3,11.5,CLB,2015-05-16,2015,5,16,55.7328,-53.4948,1,29.71,30,276.4483,34.7163,27.6307,7.1774,7.27,0.2728,3.170709,0.907,0.075,0.038,14.58,0.46,7.65,,,0,,,2.14,11.04,0.11,0.88,7.41,0.81,,,4.38E+05,61,1.69E+05,2.69E+05,29,0,3.91E+04,1.21E+02,100,0,3.92E+04,,0.00862586,0,0.018037811,0.037896564,0.024646674,0.029856353,145.2937474,13.09614359,0.235524475,2.495088546,0.638653835,21.93288043,0.107301425,-11.94695679,0,#DIV/0!,,,,,,,,,,
408530,408530,,,BIL,5,,2015-05-18,2015,5,18,52.8772,-51.2663,0,999.713,1000,276.4191,34.8487,27.7391,6.5365,6.5653,0.0153,3.228505,0.087,0.007,0.004,,,,-10.37,-0.32,0,,,NA,13.56,0.08,1.13,8.34,0.76,,,1.34E+05,69,4.17E+04,9.22E+04,45,0,1.93E+02,5.93E+01,80,19,2.97E+02,,0.011078536,0,0.00840566,0.039829128,0.023536705,0.022728738,NA,NA,NA,NA,NA,NA,NA,-14.398,0,#DIV/0!,,,,,,,,,,
408530,408530f,,,BIL,5,,2015-05-18,2015,5,18,52.8772,-51.2663,1,999.713,1000,276.4191,34.8487,27.7391,6.5365,6.5653,0.0153,3.228505,0.516,0.043,0.021,-32.35,-1.01,,,,0,,,NA,13.56,0.08,1.13,8.34,0.76,,,1.85E+05,81,3.60E+04,1.49E+05,19,0,2.23E+02,4.85E+00,98,8,2.47E+02,,0.011078536,0,0.00840566,0.039829128,0.023536705,0.022728738,NA,NA,NA,NA,NA,NA,NA,-14.398,0,#DIV/0!,,,,,,,,,,
433132,433132,433131,28,N53/2,,NFLShelf,2016-05-05,2016,5,5,52.7377,-51.839,0,2.961,2,271.728,32.6466,26.2582,8.0372,#N/A,0.0922,-1.4096,1.223368284,0.102,0.051,,,10.78,13.49,0.42,,,,3.33684609,5.18,0.095,0.705,7.18,0.17,9.87,74.26,,,,,,,,,,,,,0.058984157,0.220118534,0.187202734,0.048014109,0.043371877,0.065546737,NA,NA,NA,NA,NA,NA,NA,4.419553616,7.524929634,0.447819667,,,,,,,,,,
433128,433128,433128,28,N53/2,,NFLShelf,2016-05-05,2016,5,5,52.7377,-51.839,0,9.609,10,271.71,32.6628,26.2722,7.9696,#N/A,0.094,-1.44,0.940574971,0.078,0.039,,,,,,,,,3.24150763,0,0,0,0,0.14,,,,,,,,,,,,,,,#N/A,#N/A,#N/A,#N/A,#N/A,#N/A,NA,NA,NA,NA,NA,NA,NA,-0.135388714,,#DIV/0!,,,,,,,,,,
433127,433127,433127,28,N53/2,,NFLShelf,2016-05-05,2016,5,5,52.7377,-51.839,0,19.339,20,271.608,32.7406,26.338,7.7078,#N/A,0.0952,-1.5422,0.504205771,0.042,0.021,,,,,,,,,0.767839291,0,0,0,0,0.18,,,,,,,,,,,,,,,#N/A,#N/A,#N/A,#N/A,#N/A,#N/A,NA,NA,NA,NA,NA,NA,NA,-0.182277094,,#DIV/0!,,,,,,,,,,
433126,433126,433125,28,N53/2,,NFLShelf,2016-05-05,2016,5,5,52.7377,-51.839,0,30.087,30,271.593,32.8618,26.4367,7.6134,#N/A,0.0947,-1.5575,0.434347923,0.036,0.018,,,9.41,5.57,0.17,,,,0.915500693,0,0,0,0,0.11,11.8,76.85,,,,,,,,,,,,,0.048662957,0.063572954,0.167162953,0.047616199,0.040013967,0.05547749,NA,NA,NA,NA,NA,NA,NA,11.69613943,6.509849402,0.990798419,,,,,,,,,,
433122,433122,433122,28,N53/2,,NFLShelf,2016-05-05,2016,5,5,52.7377,-51.839,0,39.856,40,271.557,32.9006,26.4692,7.5479,#N/A,0.0907,-1.594,0.395345505,0.033,0.016,,,,,,,,,0.826903852,7.975,0.08,0.8485,8.33,0.05,,,,,,,,,,,,,,,#N/A,#N/A,#N/A,#N/A,#N/A,#N/A,NA,NA,NA,NA,NA,NA,NA,-8.105534033,,#DIV/0!,,,,,,,,,,
433120,433120,433120,28,N53/2,,NFLShelf,2016-05-05,2016,5,5,52.7377,-51.839,0,61.464,60,271.638,33.2618,26.7604,7.3082,#N/A,0.095,-1.5127,0.104632082,0.009,0.004,,,,,,,,,0.106561066,8.92,0.08,0.863,8.105,0.01,,,,,,,,,,,,,,,#N/A,#N/A,#N/A,#N/A,#N/A,#N/A,NA,NA,NA,NA,NA,NA,NA,-9.008201609,,#DIV/0!,,,,,,,,,,
433246,433246,433245,50,L3,8.5,LSS,2016-05-07,2016,5,7,55.188,-53.9748,0,2.771,2,272.87,32.9936,26.4995,7.8001,#N/A,0.0686,-0.2805,0.330587851,0.028,0.014,,,1.23,35.47,1.11,,,,0.915500693,8.465,0.095,0.7395,7.115,0.1,12.49,130.72,,,,,,,,,,,,,0.02693064,0.020016972,0.039478195,0.022220197,0.023848902,0.035659033,NA,NA,NA,NA,NA,NA,NA,3.821454019,10.4697432,0.306066111,,,,,,,,,,
433242,433242,433241,50,L3,8.5,LSS,2016-05-07,2016,5,7,55.188,-53.9748,0,9.04,10,272.88,33.0109,26.5129,7.7967,#N/A,0.0691,-0.2687,0.469185836,0.039,0.02,,,,,,,,,0.974565254,7.33,0.09,0.742,7.245,0.1,13.66,71.49,,,,,,,,,,,,,0.028366097,0.027270091,0.035597122,0.020568337,0.02366003,0.038279868,NA,NA,NA,NA,NA,NA,NA,6.137086901,5.232717555,0.449211659,,,,,,,,,,
433240,433240,433239,50,L3,8.5,LSS,2016-05-07,2016,5,7,55.188,-53.9748,0,18.934,20,273.05,33.11,26.5842,7.8315,#N/A,0.0723,-0.0783,0.166013838,0.014,0.007,,,,,,,,,1.004097534,8.465,0.1,0.733,7.085,0.09,,,,,,,,,,,,,,,#N/A,#N/A,#N/A,#N/A,#N/A,#N/A,NA,NA,NA,NA,NA,NA,NA,-8.65978116,,#DIV/0!,,,,,,,,,,
433238,433238,433237,50,L3,8.5,LSS,2016-05-07,2016,5,7,55.188,-53.9748,0,29.546,30,274.59,33.8465,27.0884,7.6739,#N/A,0.0626,1.4417,0.353427821,0.029,0.015,,,2.05,22.44,0.7,,,,1.122226656,9.93,0.095,0.752,6.75,0.17,14.08,75.66,,,,,,,,,,,,,0.021848044,0.01613274,0.022533591,0.019878397,0.019174362,0.030079238,NA,NA,NA,NA,NA,NA,NA,3.885701815,5.372386588,0.275907821,,,,,,,,,,
433234,433234,433233,50,L3,8.5,LSS,2016-05-07,2016,5,7,55.188,-53.9748,0,39.396,40,275.075,34.1167,27.2696,7.5122,#N/A,0.0603,1.9277,0.389462902,0.032,0.016,,,,,,,,,1.388017179,10.585,0.105,0.7745,7.095,0.09,,,,,,,,,,,,,,,#N/A,#N/A,#N/A,#N/A,#N/A,#N/A,NA,NA,NA,NA,NA,NA,NA,-10.77879624,,#DIV/0!,,,,,,,,,,
433231,433231,433230,50,L3,8.5,LSS,2016-05-07,2016,5,7,55.188,-53.9748,0,59.39,60,275.75,34.4538,27.4842,7.0484,#N/A,0.0663,2.604,0.509639012,0.042,0.021,,,13.07,4.51,0.14,,,,0.915500693,12.655,0.1,0.8985,7.39,0.05,15.78,71.62,,,,,,,,,,,,,0.025349159,0.005169615,0.029237145,0.020868929,0.01750802,0.027821312,NA,NA,NA,NA,NA,NA,NA,2.970363906,4.539032242,0.188253032,,,,,,,,,,
433223,433223,433223,50,L3,8.5,LSS,2016-05-07,2016,5,7,55.188,-53.9748,0,1002.466,1000,276.55,34.8833,27.7604,6.2648,#N/A,0.0733,3.3342,0.025739344,0.002,0.001,,,0.82,4.15,0.13,,,,NA,NA,NA,NA,NA,0.06,19.62,73.52,,,,,,,,,,,,,0.032910571,0,0.391018502,0.02697632,0.021766632,0.020823718,NA,NA,NA,NA,NA,NA,NA,#VALUE!,3.747805154,#VALUE!,,,,,,,,,,
433318,433318,433317,69,L3,13.5,CLB,2016-05-08,2016,5,8,56.326,-52.8927,0,2.142,2,276.69,34.5837,27.5016,7.4039,#N/A,0,3.5402,0.315400652,0.026,0.013,,,0.71,58.63,1.83,,,,1.712872264,10.345,0.11,0.808,7.505,0,16.15,73.38,,,,,,,,,,,,,0.02222004,0.105501485,0.115485538,0.02213486,0.017749451,0.018268633,NA,NA,NA,NA,NA,NA,NA,5.690238095,4.544855724,0.352440643,,,,,,,,,,
433314,433314,433313,69,L3,13.5,CLB,2016-05-08,2016,5,8,56.326,-52.8927,0,9.832,10,276.7,34.5866,27.5032,7.3745,#N/A,0,3.5467,0.182995888,0.015,0.008,,,,,,,,,1.328952618,10.335,0.11,0.7995,7.5,0,19.98,84.94,,,,,,,,,,,,,0.017584272,0.054842409,0.06313005,0.016056529,0.016543664,0.038429937,NA,NA,NA,NA,NA,NA,NA,9.538333333,4.250764526,0.477314429,,,,,,,,,,
433312,433312,433311,69,L3,13.5,CLB,2016-05-08,2016,5,8,56.326,-52.8927,0,19.291,20,276.68,34.6117,27.5238,7.37,#N/A,0,3.5412,0.325203299,0.027,0.014,,,,,,,,,1.624275423,10.76,0.11,0.8095,7.59,0,16.39,74.87,,,,,,,,,,,,,0.021011494,0.078720873,0.075359942,0.025721282,0.018075718,0.015209897,NA,NA,NA,NA,NA,NA,NA,5.52047619,4.567693202,0.336809994,,,,,,,,,,
433310,433310,433309,69,L3,13.5,CLB,2016-05-08,2016,5,8,56.326,-52.8927,0,30.507,30,276.776,34.7488,27.6248,7.1953,#N/A,0,3.6244,0.203626811,0.017,0.008,,,1.03,26.01,0.81,,,,1.181291216,12.1,0.095,0.901,7.87,0,15.62,57.35,,,,,,,,,,,,,0.018580576,0.10429878,0.107075919,0,0.01276441,0.08360302,NA,NA,NA,NA,NA,NA,NA,3.424047619,3.671976626,0.219222561,,,,,,,,,,
433306,433306,433305,69,L3,13.5,CLB,2016-05-08,2016,5,8,56.326,-52.8927,0,39.265,40,276.727,34.7704,27.6471,7.1108,#N/A,0,3.573,0.163568107,0.014,0.007,,,,,,,,,0.945032973,12.44,0.11,0.9275,7.955,0,16.55,59.31,,,,,,,,,,,,,0.019645838,0.032758819,0.051649387,0.023411183,0.01759706,0.0232364,NA,NA,NA,NA,NA,NA,NA,3.995238095,3.584784381,0.241473593,,,,,,,,,,
433303,433303,433302,69,L3,13.5,CLB,2016-05-08,2016,5,8,56.326,-52.8927,0,58.937,60,276.55,34.7989,27.6871,7.0156,#N/A,0,3.3973,0.143311934,0.012,0.006,,,0.72,26.3,0.82,,,,0.644893577,13.18,0.1,0.958,8.17,0,16.39,56.4,,,,,,,,,,,,,0.025886931,0.093032173,0.09153727,0.02418831,0.019050231,0.031744297,NA,NA,NA,NA,NA,NA,NA,3.112857143,3.440522876,0.189891068,,,,,,,,,,
433295,433295,433295,69,L3,13.5,CLB,2016-05-08,2016,5,8,56.326,-52.8927,0,1052.463,1000,276.41,34.849,27.7474,6.4996,#N/A,0,3.1849,0.031400027,0.003,0.001,,,0.25,16.63,0.52,,,,NA,NA,NA,NA,NA,0,17.85,59.01,,,,,,,,,,,,,0.02430476,0.065479947,0.361264163,0,0.013290601,0.130268471,NA,NA,NA,NA,NA,NA,NA,#VALUE!,3.306229989,#VALUE!,,,,,,,,,,
433392,433392,433391,87,L3,15.5,CLB,2016-05-09,2016,5,9,57.1708,-52.0073,0,4.024,2,276.917,34.7556,27.6159,7.1568,#N/A,0.0641,3.7666,0.137447686,0.011,0.006,,,,,,,,,1.358484899,12.6,0.11,0.945,7.99,0.04,16.17,57.78,,,,,,,,,,,,,0.03425091,0.180422927,0.163829925,0.038297615,0.022625931,0.032187807,NA,NA,NA,NA,NA,NA,NA,3.425558809,3.573174323,0.211827842,,,,,,,,,,
433388,433388,433387,87,L3,15.5,CLB,2016-05-09,2016,5,9,57.1708,-52.0073,0,11.167,10,276.91,34.7548,27.616,7.1316,#N/A,0.0631,3.7592,0.100697174,0.008,0.004,,,,,,,,,1.476614021,12.64,0.125,0.9355,8,0,17.22,58.7,,,,,,,,,,,,,0.020766759,0.016516219,0.036030946,0.043434408,0.037053464,0.005974246,NA,NA,NA,NA,NA,NA,NA,4.452564615,3.409015487,0.258583675,,,,,,,,,,
433386,433386,433385,87,L3,15.5,CLB,2016-05-09,2016,5,9,57.1708,-52.0073,0,21.028,20,276.91,34.7561,27.6176,7.1196,#N/A,0.0656,3.7541,0.130518361,0.011,0.005,,,,,,,,,1.41754946,12.61,0.12,0.9275,7.96,0.02,16.42,59.1,,,,,,,,,,,,,0.043315823,0.255850676,0.202961579,0.048319356,0.029396922,0.024954076,NA,NA,NA,NA,NA,NA,NA,3.667594174,3.598786912,0.223341968,,,,,,,,,,
433384,433384,433383,87,L3,15.5,CLB,2016-05-09,2016,5,9,57.1708,-52.0073,0,30.08,30,276.91,34.7531,27.615,7.1373,#N/A,0.0638,3.756,0.341524976,0.028,0.014,,,,,,,,,1.388017179,12.6,0.11,0.922,7.95,0,17.06,90.67,,,,,,,,,,,,,0.028459351,0.276503072,0.21364097,0.021507231,0.018185566,0.032553602,NA,NA,NA,NA,NA,NA,NA,4.354285714,5.313241245,0.255169527,,,,,,,,,,
433380,433380,433379,87,L3,15.5,CLB,2016-05-09,2016,5,9,57.1708,-52.0073,0,40.998,40,276.87,34.7844,27.6439,7.0946,#N/A,0.0656,3.7164,0.186049466,0.015,0.008,,,,,,,,,1.210823497,12.765,0.11,0.94,7.99,0,18.44,81.11,,,,,,,,,,,,,0.044391426,0.554788302,0.400973068,0.030649545,0.02000683,0.0498358,NA,NA,NA,NA,NA,NA,NA,5.567857143,4.397968844,0.301897754,,,,,,,,,,
433377,433377,433376,87,L3,15.5,CLB,2016-05-09,2016,5,9,57.1708,-52.0073,0,59.757,60,276.78,34.801,27.6665,7.047,#N/A,0.0648,3.6223,0.15314,0.013,0.006,,,,,,,,,0.826903852,13.065,0.115,0.9445,8.065,0,17.78,76.79,,,,,,,,,,,,,0.019023587,0,0.029014212,0.026307624,0.019053911,0.016807585,NA,NA,NA,NA,NA,NA,NA,4.598571429,4.319025936,0.258658096,,,,,,,,,,
433369,433369,433369,87,L3,15.5,CLB,2016-05-09,2016,5,9,57.1708,-52.0073,0,997.875,1000,276.394,34.8481,27.7478,6.565,#N/A,0.0723,3.1734,0.021328422,0.002,0.001,,,0.05,56.94,1.78,,,,NA,NA,NA,NA,NA,0,18.15,170.08,,,,,,,,,,,,,0.02741492,0,0.092411227,0.033223613,0.021768433,0.017543688,NA,NA,NA,NA,NA,NA,NA,#VALUE!,9.372212018,#VALUE!,,,,,,,,,,
433442,433442,433441,99,L3,20.5,CLB,2016-05-10,2016,5,10,59.276,-49.7105,0,4.621,2,276.84,34.7683,27.6336,7.0927,#N/A,0.0598,3.6913,0.234374658,0.02,0.01,,,1.17,26.39,0.82,,,,0.51212137,11.64,0.14,0.8775,7.215,0.45,16.05,64.17,,,,,,,,,,,,,0.023529471,0.020408185,0.400011216,0.028559209,0.019836759,0.023756959,NA,NA,NA,NA,NA,NA,NA,3.826685839,3.997330169,0.23838743,,,,,,,,,,
433438,433438,433437,99,L3,20.5,CLB,2016-05-10,2016,5,10,59.276,-49.7105,0,9.028,10,276.84,34.7685,27.6343,7.0902,#N/A,0.0576,3.6864,0.250240263,0.021,0.01,,,,,,,,,0.531088828,11.56,0.125,0.877,7.125,0.46,16.35,63.71,,,,,,,,,,,,,0.025510635,0.083297705,0.071540009,0.023189851,0.01897556,0.024508409,NA,NA,NA,NA,NA,NA,NA,4.206950284,3.896931741,0.257343303,,,,,,,,,,
433436,433436,433435,99,L3,20.5,CLB,2016-05-10,2016,5,10,59.276,-49.7105,0,20.135,20,276.83,34.7692,27.6352,7.0548,#N/A,0.0581,3.6827,0.197209477,0.016,0.008,,,,,,,,,0.502637641,11.8,0.13,0.867,7.155,0.46,18.27,75.35,,,,,,,,,,,,,0.025237495,0.078393876,0.071795418,0.02233216,0.018371979,0.02413718,NA,NA,NA,NA,NA,NA,NA,5.880569377,4.124614449,0.321887024,,,,,,,,,,
433434,433434,433433,99,L3,20.5,CLB,2016-05-10,2016,5,10,59.276,-49.7105,0,31.167,30,276.84,34.7698,27.6356,7.0596,#N/A,0.0621,3.6842,0.254424817,0.021,0.011,,,2.99,11.01,0.34,,,,0.587991202,11.135,0.125,0.891,7.035,0.38,15.95,59.2,,,,,,,,,,,,,0.025603262,0.068647014,0.087344531,0.023041553,0.018734755,0.022525141,NA,NA,NA,NA,NA,NA,NA,4.305842308,3.711424591,0.269958765,,,,,,,,,,
433430,433430,433429,99,L3,20.5,CLB,2016-05-10,2016,5,10,59.276,-49.7105,0,39.278,40,276.84,34.77,27.6357,7.0481,#N/A,0.0591,3.6837,0.422362251,0.035,0.018,,,,,,,,,0.559540015,11.335,0.155,0.8795,7.08,0.41,15.87,57.94,,,,,,,,,,,,,0.026485489,0.121797458,0.111388436,0.022899469,0.018246926,0.027038658,NA,NA,NA,NA,NA,NA,NA,3.975897865,3.64979251,0.250469042,,,,,,,,,,
433427,433427,433426,99,L3,20.5,CLB,2016-05-10,2016,5,10,59.276,-49.7105,0,60.622,60,276.84,34.7722,27.6371,7.0408,#N/A,0.0628,3.6871,0.316796478,0.026,0.013,,,1.61,25.86,0.81,,,,0.587991202,11.425,0.145,0.8835,7.13,0.43,16.81,59.2,,,,,,,,,,,,,0.023495206,0.037307194,0.048757662,0.02299571,0.018190857,0.02299972,NA,NA,NA,NA,NA,NA,NA,4.808509653,3.522311942,0.286099172,,,,,,,,,,
433419,433419,433419,99,L3,20.5,CLB,2016-05-10,2016,5,10,59.276,-49.7105,0,998.995,1000,276.55,34.8624,27.7443,6.4432,#N/A,0.0733,3.3292,0.031552723,0.003,0.001,,,0.13,31.24,0.98,,,,NA,NA,NA,NA,NA,0.04,19.76,92.67,,,,,,,,,,,,,0.033303849,0.071907406,0.107735856,0.027749082,0.019506747,0.024402395,NA,NA,NA,NA,NA,NA,NA,#VALUE!,4.689721653,#VALUE!,,,,,,,,,,
433569,433569,433568,120,L3,28.5,GSS,2016-05-11,2016,5,11,60.6477,-48.1547,0,3.404,2,272.85,32.9558,26.4696,8.2253,#N/A,0.0855,-0.297,2.635319152,0.219,0.11,,,3.1,109.8,3.43,,,,6.76903064,3.49,0.11,0.465,3.945,0,9.95,73.29,,,,,,,,,,,,,0.039245274,0.017295225,0.015995745,0.044191674,0.032748521,0.047395259,NA,NA,NA,NA,NA,NA,NA,6.354761905,7.362752133,0.638364028,,,,,,,,,,
433565,433565,433564,120,L3,28.5,GSS,2016-05-11,2016,5,11,60.6477,-48.1547,0,10,10,272.84,32.9659,26.4784,8.2094,#N/A,0.0853,-0.3119,1.66175147,0.138,0.069,,,,,,,,,5.529630664,3.515,0.115,0.4315,2.94,0,9.77,79.26,,,,,,,,,,,,,0.040032443,0.034006673,0.032856153,0.046213397,0.034246339,0.04737803,NA,NA,NA,NA,NA,NA,NA,6.136666667,8.115187713,0.628327645,,,,,,,,,,
433563,433563,433562,120,L3,28.5,GSS,2016-05-11,2016,5,11,60.6477,-48.1547,0,19.359,20,272.76,33.0688,26.5649,7.9633,#N/A,0.084,-0.3895,1.230594655,0.102,0.051,,,,,,,,,2.764815332,5.475,0.11,0.5585,4.495,0,11.49,76.08,,,,,,,,,,,,,0.039860204,0.033454519,0.052500784,0.045617437,0.032796378,0.049102015,NA,NA,NA,NA,NA,NA,NA,5.900714286,6.624170813,0.513743781,,,,,,,,,,
433561,433561,433560,120,L3,28.5,GSS,2016-05-11,2016,5,11,60.6477,-48.1547,0,29.07,30,272.77,33.1013,26.5907,7.9315,#N/A,0.085,-0.3791,0.748387406,0.062,0.031,,,0.89,111.43,3.48,,,,2.192784573,5.945,0.1,0.598,4.545,0.08,11.69,78.43,,,,,,,,,,,,,0.044288159,0.038356738,0.031829087,0.044913542,0.033409012,0.046761025,NA,NA,NA,NA,NA,NA,NA,5.56268418,6.708927359,0.475830419,,,,,,,,,,
433557,433557,433556,120,L3,28.5,GSS,2016-05-11,2016,5,11,60.6477,-48.1547,0,39.979,40,269.45,33.1083,26.5961,7.9069,#N/A,0.0855,-0.3735,0.902755146,0.075,0.038,,,,,,,,,1.919598227,5.925,0.11,0.6055,6.095,0.11,11.72,71.08,,,,,,,,,,,,,0.042552355,0.026533579,0.045143077,0.04494185,0.033304995,0.047413142,NA,NA,NA,NA,NA,NA,NA,5.576887684,6.065386699,0.47588233,,,,,,,,,,
433554,433554,433553,120,L3,28.5,GSS,2016-05-11,2016,5,11,60.6477,-48.1547,0,60.282,60,269.45,33.1088,26.5964,7.9006,#N/A,0.0855,-0.3717,0.778499186,0.065,0.032,,,0.77,133.54,4.17,,,,1.949130507,5.965,0.125,0.5945,4.615,0.61,11.76,76.51,,,,,,,,,,,,,0.043917887,0.041461828,0.038562155,0.049024604,0.036875812,0.045358746,NA,NA,NA,NA,NA,NA,NA,5.062306601,6.506074104,0.43048568,,,,,,,,,,
433643,433643,433643,144,L3,23.5,CLB,2016-05-12,2016,5,12,60.0772,-48.7757,0,4.121,2,276.69,34.6113,27.5234,7.1811,#N/A,0.0638,3.541,1.096990648,0.091,0.046,,,1.67,86.3,2.7,,,,0.521605099,9.165,0.145,0.794,6.75,0.64,14.91,62.29,,,,,,,,,,,,,0.025462445,0.032788015,0.030525108,0.029233689,0.0214807,0.025133203,NA,NA,NA,NA,NA,NA,NA,4.963557394,4.176644317,0.332805572,,,,,,,,,,
433639,433639,433638,144,L3,23.5,CLB,2016-05-12,2016,5,12,60.0772,-48.7757,0,9.348,10,276.7,34.6113,27.5231,7.1508,#N/A,0.0631,3.545,0.943099664,0.079,0.039,,,,,,,,,0.436251537,9.21,0.145,0.807,6.79,0.65,14.59,56.59,,,,,,,,,,,,,0.02402013,0.029356127,0.021951955,0.02787152,0.020241903,0.02454889,NA,NA,NA,NA,NA,NA,NA,4.580505152,3.878923889,0.313989255,,,,,,,,,,
433637,433637,433636,144,L3,23.5,CLB,2016-05-12,2016,5,12,60.0772,-48.7757,0,21.284,20,276.68,34.6294,27.5393,7.1336,#N/A,0.0651,3.5274,0.502789015,0.042,0.021,,,,,,,,,0.417284079,9.775,0.145,0.8155,7.105,0.74,14.46,55.58,,,,,,,,,,,,,0.030706349,0.133955934,0.091604284,0.026272676,0.019391456,0.030880567,NA,NA,NA,NA,NA,NA,NA,3.800238056,3.844120553,0.262862316,,,,,,,,,,
433635,433635,433634,144,L3,23.5,CLB,2016-05-12,2016,5,12,60.0772,-48.7757,0,30.814,30,276.7,34.6455,27.5498,7.1126,#N/A,0.0691,3.5505,1.07994396,0.09,0.045,,,3,46.57,1.46,,,,0.379349163,10.065,0.175,0.829,6.855,0.69,14.53,55.72,,,,,,,,,,,,,0.026952947,0.036973481,0.045692892,0.029203405,0.021176814,0.025291153,NA,NA,NA,NA,NA,NA,NA,3.606760891,3.833906728,0.248171621,,,,,,,,,,
433631,433631,433630,144,L3,23.5,CLB,2016-05-12,2016,5,12,60.0772,-48.7757,0,39.811,40,276.92,34.7113,27.5832,7.0179,#N/A,0.0653,3.741,0.612366458,0.051,0.025,,,,,,,,,0.360381705,11.145,0.145,0.868,7.085,0.4,15.03,55.24,,,,,,,,,,,,,0.029700268,0.120234025,0.091072486,0.025087957,0.01865509,0.029397363,NA,NA,NA,NA,NA,NA,NA,3.334276957,3.675961132,0.221862535,,,,,,,,,,
433628,433628,433627,144,L3,23.5,CLB,2016-05-12,2016,5,12,60.0772,-48.7757,0,58.478,60,277.5,34.852,27.6341,6.8484,#N/A,0.0516,4.3232,0.166563206,0.014,0.007,,,1.19,18.47,0.58,,,,0.256060685,12.6,0.15,0.96,7.58,0.18,15.95,53.52,,,,,,,,,,,,,0.054222255,0.424262759,0.257536142,0.023075973,0.017316126,0.028782312,NA,NA,NA,NA,NA,NA,NA,3.027146799,3.354776119,0.189761441,,,,,,,,,,
433620,433620,433619,144,L3,23.5,CLB,2016-05-12,2016,5,12,60.0772,-48.7757,0,997.694,1000,276.73,34.8923,27.7508,6.4155,#N/A,0.0721,3.5064,0.031445156,0.003,0.001,,,0.73,5.66,0.18,,,,NA,NA,NA,NA,NA,0,17.78,136.97,,,,,,,,,,,,,0.036627584,0.038437645,0.06097191,0.034265949,0.022691111,0.018008391,NA,NA,NA,NA,NA,NA,NA,#VALUE!,7.703311909,#VALUE!,,,,,,,,,,
433731,433731,433730,171,L3,18.5,CLB,2016-05-13,2016,5,13,58.429,-50.6493,0,4.61,2,276.77,34.6476,27.5449,7.2698,#N/A,0.0626,3.6167,0.307937817,0.026,0.013,,,1.11,36.66,1.15,,,,1.44708174,11.8,0.105,0.883,7.76,0.06,14.53,54.34,,,,,,,,,,,,,0.026620157,0.244316171,0.263867755,0.01668422,0.016688685,0.028763791,NA,NA,NA,NA,NA,NA,NA,2.566842669,3.739718171,0.176646554,,,,,,,,,,
433727,433727,433726,171,L3,18.5,CLB,2016-05-13,2016,5,13,58.429,-50.6493,0,9.125,10,276.77,34.6501,27.5469,7.2038,#N/A,0.0598,3.6174,0.364053412,0.03,0.015,,,,,,,,,1.41754946,11.775,0.115,0.872,7.6,0.05,,,,,,,,,,,,,,,#N/A,#N/A,#N/A,#N/A,#N/A,#N/A,NA,NA,NA,NA,NA,NA,NA,-11.94416422,,#DIV/0!,,,,,,,,,,
433725,433725,433724,171,L3,18.5,CLB,2016-05-13,2016,5,13,58.429,-50.6493,0,20.492,20,276.77,34.6499,27.5467,7.2015,#N/A,0.0621,3.6173,0.533018385,0.044,0.022,,,,,,,,,1.476614021,12.02,0.1,0.8775,8.91,0.07,14.98,56.58,,,,,,,,,,,,,0.029688594,0.276637928,0.175270036,0.022005761,0.017917982,0.032068819,NA,NA,NA,NA,NA,NA,NA,2.790344345,3.776418242,0.186229878,,,,,,,,,,
433723,433723,433722,171,L3,18.5,CLB,2016-05-13,2016,5,13,58.429,-50.6493,0,30.718,30,276.77,34.6513,27.5475,7.2027,#N/A,0.0616,3.6204,0.477879927,0.04,0.02,,,1.33,47.28,1.48,,,,1.44708174,9.995,0.105,0.888,7.655,0.24,14.8,55.32,,,,,,,,,,,,,0.023242199,0.135775383,0.115048106,0.021505437,0.017739199,0.025902149,NA,NA,NA,NA,NA,NA,NA,4.460276108,3.736598049,0.301273073,,,,,,,,,,
433719,433719,433718,171,L3,18.5,CLB,2016-05-13,2016,5,13,58.429,-50.6493,0,38.543,40,276.77,34.6511,27.5476,7.2037,#N/A,0.0583,3.6177,0.464219948,0.039,0.019,,,,,,,,,1.565210862,10.24,0.1,0.8835,7.765,0.16,14.3,53.57,,,,,,,,,,,,,0.018923618,0.013905163,0.024284863,0.024269738,0.017616475,0.021138835,NA,NA,NA,NA,NA,NA,NA,3.795410568,3.747362869,0.265501739,,,,,,,,,,
433716,433716,433715,171,L3,18.5,CLB,2016-05-13,2016,5,13,58.429,-50.6493,0,59.992,60,276.73,34.6774,27.5732,7.1508,#N/A,0.0576,3.5711,0.244782845,0.02,0.01,,,,,0,,,,1.092694375,10.585,0.115,0.911,8.4,0.14,15.63,57.62,,,,,,,,,,,,,0.020027471,0.024761759,0.024617699,0.025655741,0.017759856,0.020918962,NA,NA,NA,NA,NA,NA,NA,4.790947962,3.685856432,0.306457226,,,,,,,,,,
433708,433708,433708,171,L3,18.5,CLB,2016-05-13,2016,5,13,58.429,-50.6493,0,997.386,1000,276.41,34.8477,27.7459,6.5035,#N/A,0.0731,3.1902,0.038726541,0.003,0.002,,,0.37,13.91,0.43,,,,NA,NA,NA,NA,NA,0.04,18.49,61.74,,,,,,,,,,,,,0.034344178,0.070736728,0.065434598,0.033456924,0.020174999,0.02509692,NA,NA,NA,NA,NA,NA,NA,#VALUE!,3.339966512,#VALUE!,,,,,,,,,,
433946,433946,433945,236,L3,6,LSS,2016-05-15,2016,5,15,54.7528,-54.479,0,4.19,2,271.66,32.4796,26.1247,7.6006,#N/A,0.0952,-1.4876,0.443126362,0.037,0.018,,,1.18,49.34,1.54,,,,0.945032973,0,0,0,0,0.2,12.24,106.28,,,,,,,,,,,,,0.059248885,0.063408327,0.105453333,0.061739436,0.047705815,0.055695739,NA,NA,NA,NA,NA,NA,NA,12.03978614,8.685866252,0.983987192,,,,,,,,,,
433942,433942,433941,236,L3,6,LSS,2016-05-15,2016,5,15,54.7528,-54.479,0,10.506,10,271.67,32.4812,26.1258,7.6146,#N/A,0.097,-1.4829,0.459785248,0.038,0.019,,,,,,,,,0.945032973,5.95,0.045,0.832,8.85,0.07,,,,,,,,,,,,,,,0.059316287,0.094985265,0.127158322,0.059616166,0.046144884,0.06061091,NA,NA,NA,NA,NA,NA,NA,-6.06212798,,#DIV/0!,,,,,,,,,,
433940,433940,433939,236,L3,6,LSS,2016-05-15,2016,5,15,54.7528,-54.479,0,18.518,20,271.66,32.486,26.1299,7.5919,#N/A,0.0977,-1.4927,0.508809969,0.042,0.021,,,,,,,,,0.915500693,5.975,0.04,0.8245,9.09,0.07,12.5,79.84,,,,,,,,,,,,,0.056508145,0.070435721,0.122507746,0.059405205,0.045409852,0.064618994,NA,NA,NA,NA,NA,NA,NA,6.409743948,6.389545224,0.512974935,,,,,,,,,,
433938,433938,433937,236,L3,6,LSS,2016-05-15,2016,5,15,54.7528,-54.479,0,29.823,30,271.62,32.5996,26.2232,7.5164,#N/A,0.0987,-1.5316,0.708974415,0.059,0.03,,,,,,,,,0.767839291,6.115,0.07,0.852,8.965,0.05,14.99,96.47,,,,,,,,,,,,,0.056584326,0.064977559,0.108925329,0.060908853,0.046247445,0.059414083,NA,NA,NA,NA,NA,NA,NA,8.754647543,6.435567556,0.584013972,,,,,,,,,,
433934,433934,433933,236,L3,6,LSS,2016-05-15,2016,5,15,54.7528,-54.479,0,38.826,40,271.56,32.8174,26.4015,7.3568,#N/A,0.1017,-1.5903,0.284807451,0.024,0.012,,,,,,,,,0.663861035,6.7,0.05,0.864,9.055,0,,,,,,,,,,,,,,,0.058358533,0.062139059,0.075595515,0.062994931,0.04649487,0.058719224,NA,NA,NA,NA,NA,NA,NA,-6.75,,#DIV/0!,,,,,,,,,,
433931,433931,433930,236,L3,6,LSS,2016-05-15,2016,5,15,54.7528,-54.479,0,60.762,60,271.52,33.2203,26.7299,7.2228,#N/A,0.0994,-1.6334,0.135075799,0.011,0.006,,,1.93,9.14,0.29,,,,0.388832892,7.785,0.025,0.8835,8.59,0.01,13.83,72.38,,,,,,,,,,,,,0.059629696,0.06342088,0.072334619,0.061077583,0.044233563,0.05663127,NA,NA,NA,NA,NA,NA,NA,6.009454732,5.233430883,0.434493198,,,,,,,,,,
